asunto,area_destino
Proyecto de resolución legal,Oficina General de Asesoría Jurídica
Aprobación de presupuesto anual,Concejo Municipal
Resolución de nulidad de oficio,Oficina General de Asesoría Jurídica
Compra de uniformes para personal,Oficina General de Administración
Perfil de proyecto de inversión,Oficina General de Planeamiento y Presupuesto
Recojo de residuos sólidos,Gerencia de Servicios Municipales y Gestión Ambiental
Cobranza coactiva de deudas,Oficina General de Asesoría Jurídica
Verificación de padrón de contribuyentes,Gerencia de Desarrollo Económico y Administración Tributaria
Registro de solicitudes,Oficina General de Atención al Ciudadano y Gestión Documental
Consulta previa de proyecto,Gerencia de Desarrollo del Pueblo Asháninka
Revaluación de predio,Gerencia de Desarrollo Económico y Administración Tributaria
Taller de capacitación juvenil,Gerencia de Desarrollo Social
Defensoría del niño y adolescente,Gerencia de Desarrollo Social
Presentación de documentos,Oficina General de Atención al Ciudadano y Gestión Documental
Donación de bienes municipales,Alcaldia
Informe de cumplimiento de metas,Oficina General de Planeamiento y Presupuesto
Paquete de ayuda humanitaria,Gerencia de Desarrollo Social
Solicitud de audiencia con el alcalde,Alcaldia
Conformación de comisión ordinaria,Concejo Municipal
Inventario de patrimonio cultural,Gerencia de Desarrollo del Pueblo Asháninka
Certificado de parámetros urbanísticos,Gerencia de Desarrollo Territorial e Infraestructura
Mantenimiento de areas verdes,Gerencia de Servicios Municipales y Gestión Ambiental
Denuncia de contaminación sonora,Gerencia de Servicios Municipales y Gestión Ambiental
Mantenimiento de areas verdes,Gerencia de Servicios Municipales y Gestión Ambiental
Declaratoria de viabilidad,Oficina General de Planeamiento y Presupuesto
Cuna mas,Gerencia de Desarrollo Social
Reclamo de arbitrios municipales,Gerencia de Desarrollo Económico y Administración Tributaria
Nombramiento de funcionario,Alcaldia
Inventario de activos fijos,Oficina General de Administración
Solicitud de ordenanza municipal,Concejo Municipal
Fiscalización de actividad comercial,Gerencia de Desarrollo Económico y Administración Tributaria
Programa de becas interculturales,Gerencia de Desarrollo del Pueblo Asháninka
Programación de metas presupuestales,Oficina General de Planeamiento y Presupuesto
Constitución de comité de selección,Oficina General de Asesoría Jurídica
Solicitud de pasajes y viáticos,Oficina General de Administración
Licencia de funcionamiento renovación,Gerencia de Desarrollo Económico y Administración Tributaria
Padrón de contribuyentes,Gerencia de Desarrollo Económico y Administración Tributaria
Vaso de leche,Gerencia de Desarrollo Social
Dictamen de comisión,Concejo Municipal
Ventanilla de atención al publico,Oficina General de Atención al Ciudadano y Gestión Documental
Campaña de prevención de violencia,Gerencia de Desarrollo Social
Permiso para terraza,Gerencia Municipal
Consulta previa de proyecto,Gerencia de Desarrollo del Pueblo Asháninka
Solicitud de licencia de regidor,Concejo Municipal
Recepción de documentos,Oficina General de Atención al Ciudadano y Gestión Documental
Registro de saberes ancestrales,Gerencia de Desarrollo del Pueblo Asháninka
Solicitud de poda de arboles,Gerencia de Servicios Municipales y Gestión Ambiental
Conexión de agua y desagüe,Gerencia de Desarrollo Territorial e Infraestructura
Padrón de contribuyentes,Gerencia de Desarrollo Económico y Administración Tributaria
Solicitud de poda de arboles,Gerencia de Servicios Municipales y Gestión Ambiental
Ventanilla de atención al publico,Oficina General de Atención al Ciudadano y Gestión Documental
Seguimiento de expediente,Oficina General de Atención al Ciudadano y Gestión Documental
Campaña de prevención de violencia,Gerencia de Desarrollo Social
Programa de alimentación escolar,Gerencia de Desarrollo Social
Permiso para ampliación de local,Gerencia Municipal
Necesito mi certificado de domicilio,Oficina General de Atención al Ciudadano y Gestión Documental
Fraccionamiento de deuda,Gerencia de Desarrollo Económico y Administración Tributaria
Permiso para cierre de calle,Gerencia Municipal
Registro de comunidad nativa,Gerencia de Desarrollo del Pueblo Asháninka
Registro de comunidad nativa,Gerencia de Desarrollo del Pueblo Asháninka
Programación de metas presupuestales,Oficina General de Planeamiento y Presupuesto
Los vecinos botan basura en la esquina,Gerencia de Servicios Municipales y Gestión Ambiental
Rendición de gastos de viaje,Oficina General de Administración
Conformación de comisión ordinaria,Concejo Municipal
Solicitud de ordenanza municipal,Concejo Municipal
Duplicado de licencia,Gerencia Municipal
Declaración de feriado local,Alcaldia
Alquiler de local municipal,Oficina General de Administración
Quiero abrir un negocio,Gerencia Municipal
Constancia de presentación,Oficina General de Atención al Ciudadano y Gestión Documental
Monitoreo de calidad del aire,Gerencia de Servicios Municipales y Gestión Ambiental
Emisión de recibo de pago,Gerencia de Desarrollo Económico y Administración Tributaria
Baja de bienes muebles,Oficina General de Administración
Nombramiento de funcionario,Alcaldia
Propuesta de resolución de concejo,Concejo Municipal
Licencia de funcionamiento renovación,Gerencia de Desarrollo Económico y Administración Tributaria
Informe de cumplimiento de metas,Oficina General de Planeamiento y Presupuesto
Inscripción a programa de adulto mayor,Gerencia de Desarrollo Social
Recojo de residuos sólidos,Gerencia de Servicios Municipales y Gestión Ambiental
Presupuesto participativo,Oficina General de Planeamiento y Presupuesto
Supervisión de obra municipal,Gerencia de Desarrollo Territorial e Infraestructura
Constancia de presentación,Oficina General de Atención al Ciudadano y Gestión Documental
Vacunación canina,Gerencia de Desarrollo Social
Limpieza de rio y canales,Gerencia de Servicios Municipales y Gestión Ambiental
Emprendimiento juvenil,Gerencia de Desarrollo Económico y Administración Tributaria
Estudio de preinversión,Oficina General de Planeamiento y Presupuesto
Consulta de requisitos,Gerencia Municipal
Solicitud de declaración de emergencia,Alcaldia
Propuesta de acuerdo de concejo,Concejo Municipal
Aprobación de presupuesto anual,Concejo Municipal
Propuesta de resolución de concejo,Concejo Municipal
Resolución de alcaldía,Alcaldia
Moción de orden del día,Concejo Municipal
Duplicado de licencia,Gerencia Municipal
Mi licencia esta por vencer,Gerencia Municipal
Estudio de preinversión,Oficina General de Planeamiento y Presupuesto
Reposición de bienes patrimoniales,Oficina General de Administración
Revaluación de predio,Gerencia de Desarrollo Económico y Administración Tributaria
Alquiler de local municipal,Oficina General de Administración
Solicitud de licencia de regidor,Concejo Municipal
Dictamen de comisión,Concejo Municipal
Proyecto de desarrollo comunal,Gerencia de Desarrollo del Pueblo Asháninka
Fraccionamiento de deuda,Gerencia de Desarrollo Económico y Administración Tributaria
Solicitud de programa social,Gerencia de Desarrollo Social
Permiso para vender en la calle,Gerencia Municipal
Reconocimiento de comunidad campesina,Gerencia de Desarrollo del Pueblo Asháninka
Opinión legal sobre licitación,Oficina General de Asesoría Jurídica
Fumigación de zonas,Gerencia de Servicios Municipales y Gestión Ambiental
Pago de servicio de agua y luz,Oficina General de Administración
Emisión de recibo de pago,Gerencia de Desarrollo Económico y Administración Tributaria
Reconocimiento a ciudadano distinguido,Alcaldia
Convenio de cooperación interinstitucional,Alcaldia
Resolución de habilitación urbana,Gerencia de Desarrollo Territorial e Infraestructura
Informe de ejecución presupuestal,Oficina General de Planeamiento y Presupuesto
Resolución de alcaldía,Alcaldia
Campaña de reciclaje,Gerencia de Servicios Municipales y Gestión Ambiental
Instalación de contenedores de basura,Gerencia de Servicios Municipales y Gestión Ambiental
Asignación de recursos por resultados,Oficina General de Planeamiento y Presupuesto
Solicitud de informe de comisión,Concejo Municipal
Educación ambiental,Gerencia de Servicios Municipales y Gestión Ambiental
Refugio para personas en situación de calle,Gerencia de Desarrollo Social
Feria dominical de productores,Gerencia de Desarrollo Económico y Administración Tributaria
Pago de servicio de agua y luz,Oficina General de Administración
Alta de equipos informáticos,Oficina General de Administración
Conformación de comisión ordinaria,Concejo Municipal
Solicitud de apoyo psicológico,Gerencia de Desarrollo Social
Inventario de activos fijos,Oficina General de Administración
Alquiler de local municipal,Oficina General de Administración
Programación de metas presupuestales,Oficina General de Planeamiento y Presupuesto
Mi licencia esta por vencer,Gerencia Municipal
Duplicado de licencia,Gerencia Municipal
Compra de uniformes para personal,Oficina General de Administración
Autorización de publicidad,Gerencia Municipal
Conformación de comisión ordinaria,Concejo Municipal
Regularización de edificación,Gerencia de Desarrollo Territorial e Infraestructura
Programa de gobierno abierto,Alcaldia
Reforestación urbana,Gerencia de Servicios Municipales y Gestión Ambiental
Resolución de alcaldía,Alcaldia
Evaluación de indicadores de gestión,Oficina General de Planeamiento y Presupuesto
Recojo de residuos sólidos,Gerencia de Servicios Municipales y Gestión Ambiental
Evaluación de indicadores de gestión,Oficina General de Planeamiento y Presupuesto
Monitoreo de proyectos,Oficina General de Planeamiento y Presupuesto
Proceso contencioso administrativo,Oficina General de Asesoría Jurídica
Conformidad de servicio prestado,Oficina General de Administración
Presupuesto participativo,Oficina General de Planeamiento y Presupuesto
Recepción de obra,Gerencia de Desarrollo Territorial e Infraestructura
Cargo de asistencia a sesión,Concejo Municipal
Preservación de lengua materna,Gerencia de Desarrollo del Pueblo Asháninka
Fumigación de zonas,Gerencia de Servicios Municipales y Gestión Ambiental
Presupuesto de apertura,Oficina General de Planeamiento y Presupuesto
Bono familiar universal,Gerencia de Desarrollo Social
Inspección técnica de obra,Gerencia de Desarrollo Territorial e Infraestructura
Presupuesto participativo,Oficina General de Planeamiento y Presupuesto
Campaña de prevención de violencia,Gerencia de Desarrollo Social
Construcción de losa deportiva,Gerencia de Desarrollo Territorial e Infraestructura
Solicitud de declaración de emergencia,Alcaldia
Programa de formalización de empresas,Gerencia de Desarrollo Económico y Administración Tributaria
Vacunación canina,Gerencia de Desarrollo Social
Educación ambiental,Gerencia de Servicios Municipales y Gestión Ambiental
Orden de compra menor,Oficina General de Administración
Campaña de salud gratuita,Gerencia de Desarrollo Social
Inventario de patrimonio cultural,Gerencia de Desarrollo del Pueblo Asháninka
Aprobación de presupuesto anual,Concejo Municipal
Pago de servicio de agua y luz,Oficina General de Administración
Solicitud de poda de arboles,Gerencia de Servicios Municipales y Gestión Ambiental
Reporte de acumulación de basura,Gerencia de Servicios Municipales y Gestión Ambiental
Mantenimiento de cementerio,Gerencia de Servicios Municipales y Gestión Ambiental
Revalidación de permiso,Gerencia Municipal
Solicitud de medico intercultural,Gerencia de Desarrollo del Pueblo Asháninka
Denuncia por infracción municipal,Oficina General de Asesoría Jurídica
Fraccionamiento de deuda,Gerencia de Desarrollo Económico y Administración Tributaria
Conformación de comisión ordinaria,Concejo Municipal
Necesito permiso para mi restaurante,Gerencia Municipal
Registro de saberes ancestrales,Gerencia de Desarrollo del Pueblo Asháninka
Feria de productos nativos,Gerencia de Desarrollo del Pueblo Asháninka
Solicito recibo de arbitrios,Gerencia de Desarrollo Económico y Administración Tributaria
Consulta previa de proyecto,Gerencia de Desarrollo del Pueblo Asháninka
Programa de alimentación escolar,Gerencia de Desarrollo Social
Feria dominical de productores,Gerencia de Desarrollo Económico y Administración Tributaria
Mantenimiento de areas verdes,Gerencia de Servicios Municipales y Gestión Ambiental
Solicitud de intérprete,Gerencia de Desarrollo del Pueblo Asháninka
Club de madres,Gerencia de Desarrollo Social
Dictamen de comisión,Concejo Municipal
Programa de formalización de empresas,Gerencia de Desarrollo Económico y Administración Tributaria
Evaluación presupuestal trimestral,Oficina General de Planeamiento y Presupuesto
Solicitud de declaración de emergencia,Alcaldia
Propuesta de acuerdo de concejo,Concejo Municipal
Alta de equipos informáticos,Oficina General de Administración
Cobranza de deuda tributaria,Gerencia de Desarrollo Económico y Administración Tributaria
Solicitud de audiencia con el alcalde,Alcaldia
Asignación de recursos por resultados,Oficina General de Planeamiento y Presupuesto
Saludo protocolar por aniversario,Alcaldia
Inventario de activos fijos,Oficina General de Administración
Necesito mi certificado de domicilio,Oficina General de Atención al Ciudadano y Gestión Documental
Comunicado oficial de alcaldía,Alcaldia
Cambio de giro comercial,Gerencia Municipal
Solicitud de mesa de partes virtual,Oficina General de Atención al Ciudadano y Gestión Documental
Declaración de sesión reservada,Concejo Municipal
Servicio de fotocopiado,Oficina General de Administración
Solicitud de licencia de regidor,Concejo Municipal
Pago de impuesto predial,Gerencia de Desarrollo Económico y Administración Tributaria
Informe de ejecución presupuestal,Oficina General de Planeamiento y Presupuesto
Defensoría del niño y adolescente,Gerencia de Desarrollo Social
Certificación de crédito presupuestario,Oficina General de Planeamiento y Presupuesto
Programa de becas interculturales,Gerencia de Desarrollo del Pueblo Asháninka
Fumigación de zonas,Gerencia de Servicios Municipales y Gestión Ambiental
Revisión de convenio interinstitucional,Oficina General de Asesoría Jurídica
Club de madres,Gerencia de Desarrollo Social
Contratación de servicio de limpieza,Oficina General de Administración
Permiso de demolición,Gerencia de Desarrollo Territorial e Infraestructura
Revisión de contrato de obra,Oficina General de Asesoría Jurídica
Hay basura acumulada en mi calle,Gerencia de Servicios Municipales y Gestión Ambiental
Rehabilitación de parque,Gerencia de Desarrollo Territorial e Infraestructura
Construcción de losa deportiva,Gerencia de Desarrollo Territorial e Infraestructura
Alquiler de local municipal,Oficina General de Administración
Recepción de obra,Gerencia de Desarrollo Territorial e Infraestructura
Autorización de funcionamiento,Gerencia Municipal
Manejo de residuos peligrosos,Gerencia de Servicios Municipales y Gestión Ambiental
Proyecto de desarrollo comunal,Gerencia de Desarrollo del Pueblo Asháninka
Inventario de patrimonio cultural,Gerencia de Desarrollo del Pueblo Asháninka
Informe de ejecución presupuestal,Oficina General de Planeamiento y Presupuesto
Mantenimiento de cementerio,Gerencia de Servicios Municipales y Gestión Ambiental
Certificado de parámetros urbanísticos,Gerencia de Desarrollo Territorial e Infraestructura
Solicitud de material de oficina,Oficina General de Administración
Ventanilla de atención al publico,Oficina General de Atención al Ciudadano y Gestión Documental
Cargo de asistencia a sesión,Concejo Municipal
Cuna mas,Gerencia de Desarrollo Social
Construcción de vereda,Gerencia de Desarrollo Territorial e Infraestructura
Declaración jurada,Oficina General de Atención al Ciudadano y Gestión Documental
Declaración jurada,Oficina General de Atención al Ciudadano y Gestión Documental
Refugio para personas en situación de calle,Gerencia de Desarrollo Social
Supervisión de obra municipal,Gerencia de Desarrollo Territorial e Infraestructura
Solicitud de modificación presupuestal,Oficina General de Planeamiento y Presupuesto
Recepción de obra,Gerencia de Desarrollo Territorial e Infraestructura
Resolución de alcaldía,Alcaldia
Reconocimiento a ciudadano distinguido,Alcaldia
Permiso para terraza,Gerencia Municipal
Reclamo de arbitrios municipales,Gerencia de Desarrollo Económico y Administración Tributaria
Feria dominical de productores,Gerencia de Desarrollo Económico y Administración Tributaria
Programa intercultural bilingüe,Gerencia de Desarrollo del Pueblo Asháninka
Apoyo para persona con discapacidad,Gerencia de Desarrollo Social
Conexión de agua y desagüe,Gerencia de Desarrollo Territorial e Infraestructura
Donación de bienes municipales,Alcaldia
Constitución de comité de selección,Oficina General de Asesoría Jurídica
Mantenimiento de areas verdes,Gerencia de Servicios Municipales y Gestión Ambiental
Conformidad de servicio prestado,Oficina General de Administración
Solicitud de poda de arboles,Gerencia de Servicios Municipales y Gestión Ambiental
Solicitud de programa social,Gerencia de Desarrollo Social
Hay basura acumulada en mi calle,Gerencia de Servicios Municipales y Gestión Ambiental
Solicitud de programa social,Gerencia de Desarrollo Social
Acción de amparo,Oficina General de Asesoría Jurídica
Proyecto de desarrollo comunal,Gerencia de Desarrollo del Pueblo Asháninka
Campaña de prevención de violencia,Gerencia de Desarrollo Social
Fumigación de zonas,Gerencia de Servicios Municipales y Gestión Ambiental
Solicitud de certificado domiciliario,Oficina General de Atención al Ciudadano y Gestión Documental
Mantenimiento de cementerio,Gerencia de Servicios Municipales y Gestión Ambiental
Visto bueno de planos,Gerencia de Desarrollo Territorial e Infraestructura
Solicito información de mis documentos,Oficina General de Atención al Ciudadano y Gestión Documental
Orientación sobre trámites,Oficina General de Atención al Ciudadano y Gestión Documental
Recojo de residuos sólidos,Gerencia de Servicios Municipales y Gestión Ambiental
Contratación de servicio de limpieza,Oficina General de Administración
Autorización de funcionamiento,Gerencia Municipal
Padrón de contribuyentes,Gerencia de Desarrollo Económico y Administración Tributaria
Conciliación extrajudicial,Oficina General de Asesoría Jurídica
Quiero abrir un negocio,Gerencia Municipal
Declaratoria de viabilidad,Oficina General de Planeamiento y Presupuesto
Conexión domiciliaria de agua,Gerencia de Desarrollo Territorial e Infraestructura
Padrón de contribuyentes,Gerencia de Desarrollo Económico y Administración Tributaria
Solicitud de ordenanza municipal,Concejo Municipal
Solicitud de adicional de obra,Oficina General de Planeamiento y Presupuesto
Declaración de sesión reservada,Concejo Municipal
Permiso para terraza,Gerencia Municipal
Conexión domiciliaria de agua,Gerencia de Desarrollo Territorial e Infraestructura
Proceso de selección de personal CAS,Oficina General de Administración
Feria de productos nativos,Gerencia de Desarrollo del Pueblo Asháninka
Proyecto de desarrollo comunal,Gerencia de Desarrollo del Pueblo Asháninka
Mantenimiento de pistas y veredas,Gerencia de Desarrollo Territorial e Infraestructura
Mantenimiento de equipos informáticos,Oficina General de Administración
Proceso contencioso administrativo,Oficina General de Asesoría Jurídica
Solicitud de traducción de documentos,Gerencia de Desarrollo del Pueblo Asháninka
Dictamen de comisión,Concejo Municipal
Refugio para personas en situación de calle,Gerencia de Desarrollo Social
Mantenimiento de cementerio,Gerencia de Servicios Municipales y Gestión Ambiental
Solicitud de declaración de emergencia,Alcaldia
Solicitud de amnistía tributaria,Gerencia de Desarrollo Económico y Administración Tributaria
Asignación de recursos por resultados,Oficina General de Planeamiento y Presupuesto
Propuesta de acuerdo de concejo,Concejo Municipal
Informe de fiscalización,Concejo Municipal
Paquete de ayuda humanitaria,Gerencia de Desarrollo Social
Programa de alimentación escolar,Gerencia de Desarrollo Social
Formalización de comerciante ambulante,Gerencia de Desarrollo Económico y Administración Tributaria
Pronunciamiento jurídico sobre ordenanza,Oficina General de Asesoría Jurídica
Campaña de educación ciudadana,Alcaldia
Pago de servicio de agua y luz,Oficina General de Administración
Alquiler de local municipal,Oficina General de Administración
Permiso para evento publico,Gerencia Municipal
Educación ambiental,Gerencia de Servicios Municipales y Gestión Ambiental
Registro de solicitudes,Oficina General de Atención al Ciudadano y Gestión Documental
Solicitud de informe de comisión,Concejo Municipal
Necesito mi certificado de domicilio,Oficina General de Atención al Ciudadano y Gestión Documental
Perfil de proyecto de inversión,Oficina General de Planeamiento y Presupuesto
Reposición de bienes patrimoniales,Oficina General de Administración
Baja de bienes muebles,Oficina General de Administración
Inventario de activos fijos,Oficina General de Administración
Fiscalización de actividad comercial,Gerencia de Desarrollo Económico y Administración Tributaria
Informe de cumplimiento de metas,Oficina General de Planeamiento y Presupuesto
Cargo de asistencia a sesión,Concejo Municipal
Conformación de comisión ordinaria,Concejo Municipal
Conformidad de servicio prestado,Oficina General de Administración
Declaración de sesión reservada,Concejo Municipal
Fraccionamiento de deuda,Gerencia de Desarrollo Económico y Administración Tributaria
Arbitraje municipal,Oficina General de Asesoría Jurídica
Pago de impuesto predial,Gerencia de Desarrollo Económico y Administración Tributaria
Feria de productos nativos,Gerencia de Desarrollo del Pueblo Asháninka
Consulta de requisitos,Gerencia Municipal
Necesito mi certificado de domicilio,Oficina General de Atención al Ciudadano y Gestión Documental
Consulta administrativa,Gerencia Municipal
Campaña de prevención de violencia,Gerencia de Desarrollo Social
Denuncia de contaminación sonora,Gerencia de Servicios Municipales y Gestión Ambiental
Orientación sobre trámites,Oficina General de Atención al Ciudadano y Gestión Documental
Visto bueno de planos,Gerencia de Desarrollo Territorial e Infraestructura
Solicito información de mis documentos,Oficina General de Atención al Ciudadano y Gestión Documental
Proyecto de resolución legal,Oficina General de Asesoría Jurídica
Promoción de mypes,Gerencia de Desarrollo Económico y Administración Tributaria
Reconocimiento a ciudadano distinguido,Alcaldia
Cuna mas,Gerencia de Desarrollo Social
Permiso para evento publico,Gerencia Municipal
Conexión de agua y desagüe,Gerencia de Desarrollo Territorial e Infraestructura
Inventario de activos fijos,Oficina General de Administración
Autorización de rotulo,Gerencia Municipal
Registro de saberes ancestrales,Gerencia de Desarrollo del Pueblo Asháninka
Autorización de funcionamiento,Gerencia Municipal
Padrón de contribuyentes,Gerencia de Desarrollo Económico y Administración Tributaria
Plan estratégico institucional,Oficina General de Planeamiento y Presupuesto
Certificado de domicilio,Oficina General de Atención al Ciudadano y Gestión Documental
Proyecto de desarrollo comunal,Gerencia de Desarrollo del Pueblo Asháninka
Solicitud de audiencia con el alcalde,Alcaldia
Cobranza de deuda tributaria,Gerencia de Desarrollo Económico y Administración Tributaria
Fiscalización de actos administrativos,Oficina General de Asesoría Jurídica
Proyecto de reglamento interno,Concejo Municipal
Campaña de salud gratuita,Gerencia de Desarrollo Social
Reporte de quema de basura,Gerencia de Servicios Municipales y Gestión Ambiental
Mantenimiento de equipos informáticos,Oficina General de Administración
En que estado esta mi expediente,Oficina General de Atención al Ciudadano y Gestión Documental
Solicitud de material de oficina,Oficina General de Administración
Campaña de salud gratuita,Gerencia de Desarrollo Social
Cobranza coactiva de deudas,Oficina General de Asesoría Jurídica
Decreto de alcaldía,Alcaldia
Construcción de vereda,Gerencia de Desarrollo Territorial e Infraestructura
Reclamo de arbitrios municipales,Gerencia de Desarrollo Económico y Administración Tributaria
Orden de compra menor,Oficina General de Administración
Acción de amparo,Oficina General de Asesoría Jurídica
Emisión de recibo de pago,Gerencia de Desarrollo Económico y Administración Tributaria
Feria dominical de productores,Gerencia de Desarrollo Económico y Administración Tributaria
Registro de solicitudes,Oficina General de Atención al Ciudadano y Gestión Documental
Vaso de leche,Gerencia de Desarrollo Social
Cobranza de deuda tributaria,Gerencia de Desarrollo Económico y Administración Tributaria
Regularización de edificación,Gerencia de Desarrollo Territorial e Infraestructura
Inscripción a programa de adulto mayor,Gerencia de Desarrollo Social
Presupuesto de apertura,Oficina General de Planeamiento y Presupuesto
Orden de compra menor,Oficina General de Administración
En que estado esta mi expediente,Oficina General de Atención al Ciudadano y Gestión Documental
Reporte de avance físico y financiero,Oficina General de Planeamiento y Presupuesto
Programa de alimentación escolar,Gerencia de Desarrollo Social
Registro de comunidad nativa,Gerencia de Desarrollo del Pueblo Asháninka
Feria de productos nativos,Gerencia de Desarrollo del Pueblo Asháninka
Certificado de supervivencia,Oficina General de Atención al Ciudadano y Gestión Documental
Resolución de nulidad de oficio,Oficina General de Asesoría Jurídica
Manejo de residuos peligrosos,Gerencia de Servicios Municipales y Gestión Ambiental
Limpieza de rio y canales,Gerencia de Servicios Municipales y Gestión Ambiental
Solicitud de informe de comisión,Concejo Municipal
Evaluación de indicadores de gestión,Oficina General de Planeamiento y Presupuesto
Revisión de contrato de obra,Oficina General de Asesoría Jurídica
Solicitud de certificado domiciliario,Oficina General de Atención al Ciudadano y Gestión Documental
Pago de servicio de agua y luz,Oficina General de Administración
Permiso para espectaculo,Gerencia Municipal
Refugio para personas en situación de calle,Gerencia de Desarrollo Social
Propuesta de acuerdo de concejo,Concejo Municipal
Vacunación canina,Gerencia de Desarrollo Social
Recojo de residuos sólidos,Gerencia de Servicios Municipales y Gestión Ambiental
Denuncia por infracción municipal,Oficina General de Asesoría Jurídica
Consulta de requisitos,Gerencia Municipal
Conexión domiciliaria de agua,Gerencia de Desarrollo Territorial e Infraestructura
Educación ambiental,Gerencia de Servicios Municipales y Gestión Ambiental
Donación de bienes municipales,Alcaldia
Licencia de construcción,Gerencia de Desarrollo Territorial e Infraestructura
Preservación de lengua materna,Gerencia de Desarrollo del Pueblo Asháninka
Emprendimiento juvenil,Gerencia de Desarrollo Económico y Administración Tributaria
Alquiler de local municipal,Oficina General de Administración
Conexión de agua y desagüe,Gerencia de Desarrollo Territorial e Infraestructura
Propuesta de resolución de concejo,Concejo Municipal
Mantenimiento de pistas y veredas,Gerencia de Desarrollo Territorial e Infraestructura
Rehabilitación de parque,Gerencia de Desarrollo Territorial e Infraestructura
Evaluación presupuestal trimestral,Oficina General de Planeamiento y Presupuesto
Habilitación urbana,Gerencia de Desarrollo Territorial e Infraestructura
Evaluación de indicadores de gestión,Oficina General de Planeamiento y Presupuesto
Comedor popular,Gerencia de Desarrollo Social
Solicitud de intérprete,Gerencia de Desarrollo del Pueblo Asháninka
Cobranza coactiva de deudas,Oficina General de Asesoría Jurídica
Mantenimiento de equipos informáticos,Oficina General de Administración
Bono familiar universal,Gerencia de Desarrollo Social
Rehabilitación de parque,Gerencia de Desarrollo Territorial e Infraestructura
Alquiler de local municipal,Oficina General de Administración
Presentación de documentos,Oficina General de Atención al Ciudadano y Gestión Documental
Mantenimiento de vehículos municipales,Oficina General de Administración
Plan estratégico institucional,Oficina General de Planeamiento y Presupuesto
Declaración de sesión reservada,Concejo Municipal
Programa de alimentación escolar,Gerencia de Desarrollo Social
Manejo de residuos peligrosos,Gerencia de Servicios Municipales y Gestión Ambiental
Solicitud de pasajes y viáticos,Oficina General de Administración
Moción de orden del día,Concejo Municipal
Reforestación urbana,Gerencia de Servicios Municipales y Gestión Ambiental
Programa de becas interculturales,Gerencia de Desarrollo del Pueblo Asháninka
Licencia de funcionamiento renovación,Gerencia de Desarrollo Económico y Administración Tributaria
Conexión domiciliaria de agua,Gerencia de Desarrollo Territorial e Infraestructura
Consulta administrativa,Gerencia Municipal
Vaso de leche,Gerencia de Desarrollo Social
Quiero poner un cartel en mi local,Gerencia Municipal
Solicitud de pensión por discapacidad,Gerencia de Desarrollo Social
Saludo protocolar por aniversario,Alcaldia
Cuna mas,Gerencia de Desarrollo Social
Fiscalización ambiental,Gerencia de Servicios Municipales y Gestión Ambiental
Feria dominical de productores,Gerencia de Desarrollo Económico y Administración Tributaria
Informe de ejecución presupuestal,Oficina General de Planeamiento y Presupuesto
Solicitud de declaración de emergencia,Alcaldia
Padrón de contribuyentes,Gerencia de Desarrollo Económico y Administración Tributaria
Rendición de gastos de viaje,Oficina General de Administración
Programa intercultural bilingüe,Gerencia de Desarrollo del Pueblo Asháninka
Plan de desarrollo concertado,Oficina General de Planeamiento y Presupuesto
Monitoreo de calidad del aire,Gerencia de Servicios Municipales y Gestión Ambiental
Reposición de bienes patrimoniales,Oficina General de Administración
Hoja de reclamo,Oficina General de Atención al Ciudadano y Gestión Documental
Acción de amparo,Oficina General de Asesoría Jurídica
Defensa en proceso judicial,Oficina General de Asesoría Jurídica
Solicitud de licencia de regidor,Concejo Municipal
Orden de compra menor,Oficina General de Administración
Inventario de activos fijos,Oficina General de Administración
Titulación de territorio comunal,Gerencia de Desarrollo del Pueblo Asháninka
Presupuesto de apertura,Oficina General de Planeamiento y Presupuesto
Solicitud de apoyo psicológico,Gerencia de Desarrollo Social
Demanda contra la municipalidad,Oficina General de Asesoría Jurídica
Evaluación presupuestal trimestral,Oficina General de Planeamiento y Presupuesto
Consulta previa de proyecto,Gerencia de Desarrollo del Pueblo Asháninka
Saneamiento de comunidad,Gerencia de Desarrollo del Pueblo Asháninka
Informe legal sobre contrato,Oficina General de Asesoría Jurídica
Revisión de expediente técnico,Gerencia de Desarrollo Territorial e Infraestructura
Construcción de losa deportiva,Gerencia de Desarrollo Territorial e Infraestructura
Mantenimiento de cementerio,Gerencia de Servicios Municipales y Gestión Ambiental
Pronunciamiento jurídico sobre ordenanza,Oficina General de Asesoría Jurídica
Proceso contencioso administrativo,Oficina General de Asesoría Jurídica
Como renuevo mi licencia,Gerencia Municipal
Verificación de padrón de contribuyentes,Gerencia de Desarrollo Económico y Administración Tributaria
Solicitud de silla de ruedas,Gerencia de Desarrollo Social
Donación de bienes municipales,Alcaldia
Revaluación de predio,Gerencia de Desarrollo Económico y Administración Tributaria
Reporte de avance físico y financiero,Oficina General de Planeamiento y Presupuesto
Emisión de recibo de pago,Gerencia de Desarrollo Económico y Administración Tributaria
Club de madres,Gerencia de Desarrollo Social
Presupuesto de apertura,Oficina General de Planeamiento y Presupuesto
Reconocimiento de comunidad campesina,Gerencia de Desarrollo del Pueblo Asháninka
Titulación de territorio comunal,Gerencia de Desarrollo del Pueblo Asháninka
Cobranza de deuda tributaria,Gerencia de Desarrollo Económico y Administración Tributaria
Padrón de contribuyentes,Gerencia de Desarrollo Económico y Administración Tributaria
Reforestación urbana,Gerencia de Servicios Municipales y Gestión Ambiental
Nombramiento de funcionario,Alcaldia
Adquisición de bienes municipales,Oficina General de Administración
Supervisión de obra municipal,Gerencia de Desarrollo Territorial e Infraestructura
Convenio de cooperación interinstitucional,Alcaldia
Apoyo para persona con discapacidad,Gerencia de Desarrollo Social
Acta de sesión extraordinaria,Concejo Municipal
Mantenimiento de pistas y veredas,Gerencia de Desarrollo Territorial e Infraestructura
Habilitación urbana,Gerencia de Desarrollo Territorial e Infraestructura
Proyecto de desarrollo comunal,Gerencia de Desarrollo del Pueblo Asháninka
Decreto de alcaldía,Alcaldia
Refugio para personas en situación de calle,Gerencia de Desarrollo Social
Adquisición de bienes municipales,Oficina General de Administración
Solicitud de adicional de obra,Oficina General de Planeamiento y Presupuesto
Club de madres,Gerencia de Desarrollo Social
Reconocimiento a ciudadano distinguido,Alcaldia
Cargo de asistencia a sesión,Concejo Municipal
Solicitud de licencia comercial,Gerencia Municipal
Preservación de lengua materna,Gerencia de Desarrollo del Pueblo Asháninka
Solicitud de factibilidad de servicios,Gerencia de Desarrollo Territorial e Infraestructura
Los vecinos botan basura en la esquina,Gerencia de Servicios Municipales y Gestión Ambiental
Presupuesto de apertura,Oficina General de Planeamiento y Presupuesto
Reconocimiento de comunidad campesina,Gerencia de Desarrollo del Pueblo Asháninka
Instalación de contenedores de basura,Gerencia de Servicios Municipales y Gestión Ambiental
Supervisión de obra municipal,Gerencia de Desarrollo Territorial e Infraestructura
Absolución de queja ante la contraloría,Oficina General de Asesoría Jurídica
Baja de bienes muebles,Oficina General de Administración
Conformación de comisión ordinaria,Concejo Municipal
Reposición de bienes patrimoniales,Oficina General de Administración
Consulta previa de proyecto,Gerencia de Desarrollo del Pueblo Asháninka
Refugio para personas en situación de calle,Gerencia de Desarrollo Social
Programa de alimentación escolar,Gerencia de Desarrollo Social
Cambio de giro comercial,Gerencia Municipal
Declaratoria de viabilidad,Oficina General de Planeamiento y Presupuesto
Recepción de documentos,Oficina General de Atención al Ciudadano y Gestión Documental
Refugio para personas en situación de calle,Gerencia de Desarrollo Social
Quiero presentar un documento,Oficina General de Atención al Ciudadano y Gestión Documental
Instalación de red de alumbrado,Gerencia de Desarrollo Territorial e Infraestructura
Emisión de recibo de pago,Gerencia de Desarrollo Económico y Administración Tributaria
Limpieza de mercados,Gerencia de Servicios Municipales y Gestión Ambiental
Solicitud de informe legal urgente,Oficina General de Asesoría Jurídica
Necesito mi certificado de domicilio,Oficina General de Atención al Ciudadano y Gestión Documental
Campaña de educación ciudadana,Alcaldia
Solicitud de certificado domiciliario,Oficina General de Atención al Ciudadano y Gestión Documental
Perfil de proyecto de inversión,Oficina General de Planeamiento y Presupuesto
Club de madres,Gerencia de Desarrollo Social
Acta de sesión extraordinaria,Concejo Municipal
Barrido de calles,Gerencia de Servicios Municipales y Gestión Ambiental
Solicitud de informe de comisión,Concejo Municipal
Feria dominical de productores,Gerencia de Desarrollo Económico y Administración Tributaria
Compra de uniformes para personal,Oficina General de Administración
Solicitud de pensión por discapacidad,Gerencia de Desarrollo Social
Opinión legal sobre licitación,Oficina General de Asesoría Jurídica
Conservación de parques y jardines,Gerencia de Servicios Municipales y Gestión Ambiental
Resolución de nulidad de oficio,Oficina General de Asesoría Jurídica
Solicitud de medico intercultural,Gerencia de Desarrollo del Pueblo Asháninka
Saneamiento de comunidad,Gerencia de Desarrollo del Pueblo Asháninka
Solicitud de informe de comisión,Concejo Municipal
Orientación sobre trámites,Oficina General de Atención al Ciudadano y Gestión Documental
Solicitud de traducción de documentos,Gerencia de Desarrollo del Pueblo Asháninka
Recepción de documentos,Oficina General de Atención al Ciudadano y Gestión Documental
Constitución de comité de selección,Oficina General de Asesoría Jurídica
Denuncia de contaminación sonora,Gerencia de Servicios Municipales y Gestión Ambiental
Solicitud de traducción de documentos,Gerencia de Desarrollo del Pueblo Asháninka
Proyecto de resolución legal,Oficina General de Asesoría Jurídica
Solicitud de declaración de emergencia,Alcaldia
Licencia de construcción,Gerencia de Desarrollo Territorial e Infraestructura
Como hago el seguimiento de mi tramite,Oficina General de Atención al Ciudadano y Gestión Documental
Dictamen de comisión,Concejo Municipal
Pago de servicio de agua y luz,Oficina General de Administración
Plan estratégico institucional,Oficina General de Planeamiento y Presupuesto
Supervisión de obra municipal,Gerencia de Desarrollo Territorial e Infraestructura
Informe de fiscalización,Concejo Municipal
Inspección de comercio informal,Gerencia de Desarrollo Económico y Administración Tributaria
Cargo de asistencia a sesión,Concejo Municipal
Solicitud de audiencia con el alcalde,Alcaldia
Inventario de activos fijos,Oficina General de Administración
Autorización de rotulo,Gerencia Municipal
Monitoreo de proyectos,Oficina General de Planeamiento y Presupuesto
Padrón de contribuyentes,Gerencia de Desarrollo Económico y Administración Tributaria
Denuncia de contaminación sonora,Gerencia de Servicios Municipales y Gestión Ambiental
Consulta de requisitos,Gerencia Municipal
Revaluación de predio,Gerencia de Desarrollo Económico y Administración Tributaria
Adquisición de bienes municipales,Oficina General de Administración
Solicitud de informe de comisión,Concejo Municipal
Resolución de alcaldía,Alcaldia
Solicitud de factibilidad de servicios,Gerencia de Desarrollo Territorial e Infraestructura
Dictamen de comisión,Concejo Municipal
Solicitud de informe legal urgente,Oficina General de Asesoría Jurídica
Adquisición de combustible,Oficina General de Administración
Taller de capacitación juvenil,Gerencia de Desarrollo Social
Necesito mi certificado de domicilio,Oficina General de Atención al Ciudadano y Gestión Documental
Comunicado oficial de alcaldía,Alcaldia
Fraccionamiento de deuda,Gerencia de Desarrollo Económico y Administración Tributaria
Club de madres,Gerencia de Desarrollo Social
Carta de invitación a ceremonia,Alcaldia
Vaso de leche,Gerencia de Desarrollo Social
Resolución de habilitación urbana,Gerencia de Desarrollo Territorial e Infraestructura
Comedor popular,Gerencia de Desarrollo Social
Comunicado oficial de alcaldía,Alcaldia
Servicio de fotocopiado,Oficina General de Administración
Declaración jurada de impuestos,Gerencia de Desarrollo Económico y Administración Tributaria
Solicitud de declaración de emergencia,Alcaldia
Pronunciamiento jurídico sobre ordenanza,Oficina General de Asesoría Jurídica
Denuncia por infracción municipal,Oficina General de Asesoría Jurídica
Solicitud de poda de arboles,Gerencia de Servicios Municipales y Gestión Ambiental
Proyecto de reglamento interno,Concejo Municipal
Proyecto de reglamento interno,Concejo Municipal
Acta de sesión extraordinaria,Concejo Municipal
Feria dominical de productores,Gerencia de Desarrollo Económico y Administración Tributaria
Reposición de bienes patrimoniales,Oficina General de Administración
Programa de gobierno abierto,Alcaldia
Informe de cumplimiento de metas,Oficina General de Planeamiento y Presupuesto
Monitoreo de calidad del aire,Gerencia de Servicios Municipales y Gestión Ambiental
Solicitud de padrón de beneficiarios,Alcaldia
Quiero abrir un negocio,Gerencia Municipal
Feria de productos nativos,Gerencia de Desarrollo del Pueblo Asháninka
Proceso de selección de personal CAS,Oficina General de Administración
Programa de becas interculturales,Gerencia de Desarrollo del Pueblo Asháninka
Orientación sobre trámites,Oficina General de Atención al Ciudadano y Gestión Documental
Denuncia de contaminación sonora,Gerencia de Servicios Municipales y Gestión Ambiental
Feria de productos nativos,Gerencia de Desarrollo del Pueblo Asháninka
Campaña de prevención de violencia,Gerencia de Desarrollo Social
Inspección de comercio informal,Gerencia de Desarrollo Económico y Administración Tributaria
Preservación de lengua materna,Gerencia de Desarrollo del Pueblo Asháninka
Propuesta de acuerdo de concejo,Concejo Municipal
Programa de alimentación escolar,Gerencia de Desarrollo Social
Servicio de fotocopiado,Oficina General de Administración
Convocatoria a sesión de concejo,Concejo Municipal
Denuncia por infracción municipal,Oficina General de Asesoría Jurídica
Campaña de prevención de violencia,Gerencia de Desarrollo Social
Conexión domiciliaria de agua,Gerencia de Desarrollo Territorial e Infraestructura
Barrido de calles,Gerencia de Servicios Municipales y Gestión Ambiental
Constancia de presentación,Oficina General de Atención al Ciudadano y Gestión Documental
Servicio de serenazgo,Gerencia de Servicios Municipales y Gestión Ambiental
Limpieza de mercados,Gerencia de Servicios Municipales y Gestión Ambiental
Conformación de comisión ordinaria,Concejo Municipal
Reporte de acumulación de basura,Gerencia de Servicios Municipales y Gestión Ambiental
Registro de saberes ancestrales,Gerencia de Desarrollo del Pueblo Asháninka
Rendición de gastos de viaje,Oficina General de Administración
Programación de inversiones,Oficina General de Planeamiento y Presupuesto
Saludo protocolar por aniversario,Alcaldia
Autorización de rotulo,Gerencia Municipal
Constitución de comité de selección,Oficina General de Asesoría Jurídica
Solicito recibo de arbitrios,Gerencia de Desarrollo Económico y Administración Tributaria
Nombramiento de funcionario,Alcaldia
Verificación de padrón de contribuyentes,Gerencia de Desarrollo Económico y Administración Tributaria
Revisión de convenio interinstitucional,Oficina General de Asesoría Jurídica
Plan de desarrollo concertado,Oficina General de Planeamiento y Presupuesto
Mantenimiento de cementerio,Gerencia de Servicios Municipales y Gestión Ambiental
Opinión legal sobre licitación,Oficina General de Asesoría Jurídica
Solicito información de mis documentos,Oficina General de Atención al Ciudadano y Gestión Documental
Revisión de convenio interinstitucional,Oficina General de Asesoría Jurídica
Consulta previa de proyecto,Gerencia de Desarrollo del Pueblo Asháninka
Solicito información de mis documentos,Oficina General de Atención al Ciudadano y Gestión Documental
Reclamo de arbitrios municipales,Gerencia de Desarrollo Económico y Administración Tributaria
Bono de vivienda rural,Gerencia de Desarrollo Social
Feria de productos nativos,Gerencia de Desarrollo del Pueblo Asháninka
Proyecto de desarrollo comunal,Gerencia de Desarrollo del Pueblo Asháninka
Atención al ciudadano,Oficina General de Atención al Ciudadano y Gestión Documental
Solicitud de ordenanza municipal,Concejo Municipal
Formalización de comerciante ambulante,Gerencia de Desarrollo Económico y Administración Tributaria
Adquisición de bienes municipales,Oficina General de Administración
Permiso de demolición,Gerencia de Desarrollo Territorial e Infraestructura
Mantenimiento de cementerio,Gerencia de Servicios Municipales y Gestión Ambiental
Cese de funcionamiento,Gerencia Municipal
Instalación de red de alumbrado,Gerencia de Desarrollo Territorial e Infraestructura
Donación de bienes municipales,Alcaldia
Consulta administrativa,Gerencia Municipal
Solicitud de mesa de partes virtual,Oficina General de Atención al Ciudadano y Gestión Documental
Opinión legal sobre licitación,Oficina General de Asesoría Jurídica
Programa intercultural bilingüe,Gerencia de Desarrollo del Pueblo Asháninka
Solicitud de informe legal urgente,Oficina General de Asesoría Jurídica
Comunicado oficial de alcaldía,Alcaldia
Refugio para personas en situación de calle,Gerencia de Desarrollo Social
Revaluación de predio,Gerencia de Desarrollo Económico y Administración Tributaria
Programa de gobierno abierto,Alcaldia
Revalidación de permiso,Gerencia Municipal
Refugio para personas en situación de calle,Gerencia de Desarrollo Social
Proceso de selección de personal CAS,Oficina General de Administración
Solicitud de programa social,Gerencia de Desarrollo Social
Inventario de patrimonio cultural,Gerencia de Desarrollo del Pueblo Asháninka
Inscripción a programa de adulto mayor,Gerencia de Desarrollo Social
Solicitud de asfaltado de calle,Gerencia de Desarrollo Territorial e Infraestructura
Bono familiar universal,Gerencia de Desarrollo Social
Solicitud de apoyo psicológico,Gerencia de Desarrollo Social
Declaratoria de viabilidad,Oficina General de Planeamiento y Presupuesto
Convocatoria a sesión de concejo,Concejo Municipal
Pago de servicio de agua y luz,Oficina General de Administración
Titulación de territorio comunal,Gerencia de Desarrollo del Pueblo Asháninka
Resolución de habilitación urbana,Gerencia de Desarrollo Territorial e Infraestructura
Declaración de sesión reservada,Concejo Municipal
Arbitraje municipal,Oficina General de Asesoría Jurídica
Necesito permiso para mi restaurante,Gerencia Municipal
Opinión legal sobre licitación,Oficina General de Asesoría Jurídica
Como hago el seguimiento de mi tramite,Oficina General de Atención al Ciudadano y Gestión Documental
Conformación de comisión ordinaria,Concejo Municipal
Condonación de intereses moratorios,Gerencia de Desarrollo Económico y Administración Tributaria
Solicitud de modificación presupuestal,Oficina General de Planeamiento y Presupuesto
Quiero abrir un negocio,Gerencia Municipal
Programación de metas presupuestales,Oficina General de Planeamiento y Presupuesto
Informe de fiscalización,Concejo Municipal
Solicitud de adicional de obra,Oficina General de Planeamiento y Presupuesto
Acta de sesión extraordinaria,Concejo Municipal
Fiscalización de actos administrativos,Oficina General de Asesoría Jurídica
Licencia temporal,Gerencia Municipal
Informe de fiscalización,Concejo Municipal
Registro de solicitudes,Oficina General de Atención al Ciudadano y Gestión Documental
Reforestación urbana,Gerencia de Servicios Municipales y Gestión Ambiental
Cuna mas,Gerencia de Desarrollo Social
Declaración de feriado local,Alcaldia
Registro de solicitudes,Oficina General de Atención al Ciudadano y Gestión Documental
Transferencia de licencia,Gerencia Municipal
Cobranza de deuda tributaria,Gerencia de Desarrollo Económico y Administración Tributaria
Apoyo para persona con discapacidad,Gerencia de Desarrollo Social
Solicitud de factibilidad de servicios,Gerencia de Desarrollo Territorial e Infraestructura
Consulta de requisitos,Gerencia Municipal
Hoja de reclamo,Oficina General de Atención al Ciudadano y Gestión Documental
Solicitud de mesa de partes virtual,Oficina General de Atención al Ciudadano y Gestión Documental
Solicitud de permiso municipal,Gerencia Municipal
Carta de invitación a ceremonia,Alcaldia
Permiso para ampliación de local,Gerencia Municipal
Proceso contencioso administrativo,Oficina General de Asesoría Jurídica
Solicitud de factibilidad de servicios,Gerencia de Desarrollo Territorial e Infraestructura
Presupuesto de apertura,Oficina General de Planeamiento y Presupuesto
Seguimiento de expediente,Oficina General de Atención al Ciudadano y Gestión Documental
Solicitud de intérprete,Gerencia de Desarrollo del Pueblo Asháninka
Solicitud de silla de ruedas,Gerencia de Desarrollo Social
Monitoreo de proyectos,Oficina General de Planeamiento y Presupuesto
El parque esta sucio necesitan limpiarlo,Gerencia de Servicios Municipales y Gestión Ambiental
Proyecto de resolución legal,Oficina General de Asesoría Jurídica
Informe legal sobre contrato,Oficina General de Asesoría Jurídica
Mantenimiento de areas verdes,Gerencia de Servicios Municipales y Gestión Ambiental
Mantenimiento de equipos informáticos,Oficina General de Administración
Consulta administrativa,Gerencia Municipal
Solicitud de medico intercultural,Gerencia de Desarrollo del Pueblo Asháninka
Comunicado oficial de alcaldía,Alcaldia
Dictamen de comisión,Concejo Municipal
Cobranza de deuda tributaria,Gerencia de Desarrollo Económico y Administración Tributaria
Cuna mas,Gerencia de Desarrollo Social
Solicitud de asfaltado de calle,Gerencia de Desarrollo Territorial e Infraestructura
Instalación de red de alumbrado,Gerencia de Desarrollo Territorial e Infraestructura
Titulación de territorio comunal,Gerencia de Desarrollo del Pueblo Asháninka
Solicitud de pasajes y viáticos,Oficina General de Administración
Resolución de alcaldía,Alcaldia
Servicio de serenazgo,Gerencia de Servicios Municipales y Gestión Ambiental
Certificado de parámetros urbanísticos,Gerencia de Desarrollo Territorial e Infraestructura
Consulta sobre estado de tramite,Oficina General de Atención al Ciudadano y Gestión Documental
Donación de bienes municipales,Alcaldia
Autorización de funcionamiento,Gerencia Municipal
Ventanilla de atención al publico,Oficina General de Atención al Ciudadano y Gestión Documental
Cobranza coactiva de deudas,Oficina General de Asesoría Jurídica
Reposición de bienes patrimoniales,Oficina General de Administración
Reconocimiento a ciudadano distinguido,Alcaldia
Conexión domiciliaria de agua,Gerencia de Desarrollo Territorial e Infraestructura
Solicitud de declaración de emergencia,Alcaldia
Certificación de crédito presupuestario,Oficina General de Planeamiento y Presupuesto
Declaración de feriado local,Alcaldia
Solicitud de permiso municipal,Gerencia Municipal
Como hago el seguimiento de mi tramite,Oficina General de Atención al Ciudadano y Gestión Documental
Donde dejo mi solicitud,Oficina General de Atención al Ciudadano y Gestión Documental
Servicio de fotocopiado,Oficina General de Administración
Baja de bienes muebles,Oficina General de Administración
Seguimiento de expediente,Oficina General de Atención al Ciudadano y Gestión Documental
Solicitud de informe legal urgente,Oficina General de Asesoría Jurídica
Manejo de residuos peligrosos,Gerencia de Servicios Municipales y Gestión Ambiental
Convenio de cooperación interinstitucional,Alcaldia
Servicio de serenazgo,Gerencia de Servicios Municipales y Gestión Ambiental
Decreto de alcaldía,Alcaldia
Solicitud de pensión por discapacidad,Gerencia de Desarrollo Social
Monitoreo de proyectos,Oficina General de Planeamiento y Presupuesto
Revaluación de predio,Gerencia de Desarrollo Económico y Administración Tributaria
Reconocimiento a ciudadano distinguido,Alcaldia
Vaso de leche,Gerencia de Desarrollo Social
Solicitud de poda de arboles,Gerencia de Servicios Municipales y Gestión Ambiental
Compra de uniformes para personal,Oficina General de Administración
Carta de invitación a ceremonia,Alcaldia
Quiero presentar un documento,Oficina General de Atención al Ciudadano y Gestión Documental
Resolución de habilitación urbana,Gerencia de Desarrollo Territorial e Infraestructura
Asignación de recursos por resultados,Oficina General de Planeamiento y Presupuesto
Convocatoria a sesión de concejo,Concejo Municipal
Solicitud de ordenanza municipal,Concejo Municipal
Decreto de alcaldía,Alcaldia
Reconocimiento de comunidad campesina,Gerencia de Desarrollo del Pueblo Asháninka
Proceso contencioso administrativo,Oficina General de Asesoría Jurídica
Solicitud de mesa de partes virtual,Oficina General de Atención al Ciudadano y Gestión Documental
Acción de amparo,Oficina General de Asesoría Jurídica
Solicitud de adicional de obra,Oficina General de Planeamiento y Presupuesto
Denuncia por infracción municipal,Oficina General de Asesoría Jurídica
Inventario de patrimonio cultural,Gerencia de Desarrollo del Pueblo Asháninka
Plan de desarrollo concertado,Oficina General de Planeamiento y Presupuesto
Conformación de comisión ordinaria,Concejo Municipal
Solicitud de partida de nacimiento,Oficina General de Atención al Ciudadano y Gestión Documental
Atención al ciudadano,Oficina General de Atención al Ciudadano y Gestión Documental
Pago de impuesto predial,Gerencia de Desarrollo Económico y Administración Tributaria
Solicito recibo de arbitrios,Gerencia de Desarrollo Económico y Administración Tributaria
Fiscalización de actividad comercial,Gerencia de Desarrollo Económico y Administración Tributaria
Carta de invitación a ceremonia,Alcaldia
Padrón de contribuyentes,Gerencia de Desarrollo Económico y Administración Tributaria
Revalidación de permiso,Gerencia Municipal
Acción de amparo,Oficina General de Asesoría Jurídica
Autorización de publicidad,Gerencia Municipal
Comedor popular,Gerencia de Desarrollo Social
Solicitud de pensión por discapacidad,Gerencia de Desarrollo Social
Programa de formalización de empresas,Gerencia de Desarrollo Económico y Administración Tributaria
Propuesta de acuerdo de concejo,Concejo Municipal
Conciliación extrajudicial,Oficina General de Asesoría Jurídica
Necesito permiso para mi restaurante,Gerencia Municipal
Asignación de recursos por resultados,Oficina General de Planeamiento y Presupuesto
Contrato de servicio de vigilancia,Oficina General de Administración
Hoja de reclamo,Oficina General de Atención al Ciudadano y Gestión Documental
Apoyo a artesanía asháninka,Gerencia de Desarrollo del Pueblo Asháninka
Perfil de proyecto de inversión,Oficina General de Planeamiento y Presupuesto
Solicitud de adicional de obra,Oficina General de Planeamiento y Presupuesto
Solicitud de medico intercultural,Gerencia de Desarrollo del Pueblo Asháninka
Solicitud de pasajes y viáticos,Oficina General de Administración
Solicitud de medico intercultural,Gerencia de Desarrollo del Pueblo Asháninka
Promoción de mypes,Gerencia de Desarrollo Económico y Administración Tributaria
Hay basura acumulada en mi calle,Gerencia de Servicios Municipales y Gestión Ambiental
Declaración jurada de impuestos,Gerencia de Desarrollo Económico y Administración Tributaria
Declaración de feriado local,Alcaldia
Comedor popular,Gerencia de Desarrollo Social
Promoción de mypes,Gerencia de Desarrollo Económico y Administración Tributaria
Defensa en proceso judicial,Oficina General de Asesoría Jurídica
Resolución de nulidad de oficio,Oficina General de Asesoría Jurídica
Decreto de alcaldía,Alcaldia
Registro de comunidad nativa,Gerencia de Desarrollo del Pueblo Asháninka
Aprobación de presupuesto anual,Concejo Municipal
Atención al ciudadano,Oficina General de Atención al Ciudadano y Gestión Documental
Seguimiento de expediente,Oficina General de Atención al Ciudadano y Gestión Documental
Programa de gobierno abierto,Alcaldia
Reclamo de arbitrios municipales,Gerencia de Desarrollo Económico y Administración Tributaria
Resolución de nulidad de oficio,Oficina General de Asesoría Jurídica
Solicitud de ordenanza municipal,Concejo Municipal
Saneamiento de comunidad,Gerencia de Desarrollo del Pueblo Asháninka
Cobranza coactiva de deudas,Oficina General de Asesoría Jurídica
Revaluación de predio,Gerencia de Desarrollo Económico y Administración Tributaria
Recojo de residuos sólidos,Gerencia de Servicios Municipales y Gestión Ambiental
Certificado de parámetros urbanísticos,Gerencia de Desarrollo Territorial e Infraestructura
Recepción de documentos,Oficina General de Atención al Ciudadano y Gestión Documental
Quiero poner un cartel en mi local,Gerencia Municipal
Constitución de comité de selección,Oficina General de Asesoría Jurídica
Necesito mi certificado de domicilio,Oficina General de Atención al Ciudadano y Gestión Documental
Conciliación extrajudicial,Oficina General de Asesoría Jurídica
Dictamen de comisión,Concejo Municipal
Informe de fiscalización,Concejo Municipal
Revisión de expediente técnico,Gerencia de Desarrollo Territorial e Infraestructura
Revisión de contrato de obra,Oficina General de Asesoría Jurídica
Solicitud de adicional de obra,Oficina General de Planeamiento y Presupuesto
Regularización de edificación,Gerencia de Desarrollo Territorial e Infraestructura
Programa de alimentación escolar,Gerencia de Desarrollo Social
Programación de inversiones,Oficina General de Planeamiento y Presupuesto
Refugio para personas en situación de calle,Gerencia de Desarrollo Social
Permiso para vender en la calle,Gerencia Municipal
Solicitud de programa social,Gerencia de Desarrollo Social
Solicitud de modificación presupuestal,Oficina General de Planeamiento y Presupuesto
Como hago el seguimiento de mi tramite,Oficina General de Atención al Ciudadano y Gestión Documental
Solicitud de declaración de emergencia,Alcaldia
Plan de desarrollo concertado,Oficina General de Planeamiento y Presupuesto
Hoja de reclamo,Oficina General de Atención al Ciudadano y Gestión Documental
Recojo de residuos sólidos,Gerencia de Servicios Municipales y Gestión Ambiental
Ventanilla de atención al publico,Oficina General de Atención al Ciudadano y Gestión Documental
Cobranza coactiva de deudas,Oficina General de Asesoría Jurídica
Plan operativo institucional,Oficina General de Planeamiento y Presupuesto
Solicitud de traducción de documentos,Gerencia de Desarrollo del Pueblo Asháninka
Autorización para evento deportivo,Gerencia Municipal
Compra de uniformes para personal,Oficina General de Administración
Programa de formalización de empresas,Gerencia de Desarrollo Económico y Administración Tributaria
Regularización de edificación,Gerencia de Desarrollo Territorial e Infraestructura
Informe de ejecución presupuestal,Oficina General de Planeamiento y Presupuesto
Presupuesto de apertura,Oficina General de Planeamiento y Presupuesto
Educación ambiental,Gerencia de Servicios Municipales y Gestión Ambiental
Declaración jurada de impuestos,Gerencia de Desarrollo Económico y Administración Tributaria
Licencia temporal,Gerencia Municipal
Reconocimiento de comunidad campesina,Gerencia de Desarrollo del Pueblo Asháninka
Solicitud de declaración de emergencia,Alcaldia
Opinión legal sobre licitación,Oficina General de Asesoría Jurídica
Programa de becas interculturales,Gerencia de Desarrollo del Pueblo Asháninka
Solicitud de certificado domiciliario,Oficina General de Atención al Ciudadano y Gestión Documental
Campaña de prevención de violencia,Gerencia de Desarrollo Social
Informe legal sobre contrato,Oficina General de Asesoría Jurídica
Alta de equipos informáticos,Oficina General de Administración
Cargo de asistencia a sesión,Concejo Municipal
Revalidación de permiso,Gerencia Municipal
Saludo protocolar por aniversario,Alcaldia
Cargo de asistencia a sesión,Concejo Municipal
Solicitud de modificación presupuestal,Oficina General de Planeamiento y Presupuesto
Solicitud de intérprete,Gerencia de Desarrollo del Pueblo Asháninka
Programación de metas presupuestales,Oficina General de Planeamiento y Presupuesto
Autorización de funcionamiento,Gerencia Municipal
Programa intercultural bilingüe,Gerencia de Desarrollo del Pueblo Asháninka
Permiso para cierre de calle,Gerencia Municipal
Conformación de comisión ordinaria,Concejo Municipal
Mantenimiento de vehículos municipales,Oficina General de Administración
Decreto de alcaldía,Alcaldia
Autorización para evento deportivo,Gerencia Municipal
Solicitud de programa social,Gerencia de Desarrollo Social
Preservación de lengua materna,Gerencia de Desarrollo del Pueblo Asháninka
Bono de vivienda rural,Gerencia de Desarrollo Social
Decreto de alcaldía,Alcaldia
Proyecto de reglamento interno,Concejo Municipal
Certificado de domicilio,Oficina General de Atención al Ciudadano y Gestión Documental
Plan de desarrollo concertado,Oficina General de Planeamiento y Presupuesto
Permiso para terraza,Gerencia Municipal
Mantenimiento de cementerio,Gerencia de Servicios Municipales y Gestión Ambiental
Monitoreo de proyectos,Oficina General de Planeamiento y Presupuesto
Solicitud de factibilidad de servicios,Gerencia de Desarrollo Territorial e Infraestructura
Permiso para terraza,Gerencia Municipal
Opinión legal sobre licitación,Oficina General de Asesoría Jurídica
Programa de becas interculturales,Gerencia de Desarrollo del Pueblo Asháninka
Feria dominical de productores,Gerencia de Desarrollo Económico y Administración Tributaria
Solicitud de pasajes y viáticos,Oficina General de Administración
Constancia de presentación,Oficina General de Atención al Ciudadano y Gestión Documental
Autorización para evento deportivo,Gerencia Municipal
Autorización de rotulo,Gerencia Municipal
Programa de becas interculturales,Gerencia de Desarrollo del Pueblo Asháninka
Limpieza de rio y canales,Gerencia de Servicios Municipales y Gestión Ambiental
Solicitud de poda de arboles,Gerencia de Servicios Municipales y Gestión Ambiental
Recepción de documentos,Oficina General de Atención al Ciudadano y Gestión Documental
Refugio para personas en situación de calle,Gerencia de Desarrollo Social
Constancia de presentación,Oficina General de Atención al Ciudadano y Gestión Documental
Absolución de queja ante la contraloría,Oficina General de Asesoría Jurídica
Proyecto de reglamento interno,Concejo Municipal
Declaración jurada,Oficina General de Atención al Ciudadano y Gestión Documental
Solicitud de factibilidad de servicios,Gerencia de Desarrollo Territorial e Infraestructura
Regularización de edificación,Gerencia de Desarrollo Territorial e Infraestructura
Saludo protocolar por aniversario,Alcaldia
Regularización de edificación,Gerencia de Desarrollo Territorial e Infraestructura
Consulta previa de proyecto,Gerencia de Desarrollo del Pueblo Asháninka
Opinión legal sobre licitación,Oficina General de Asesoría Jurídica
Servicio de fotocopiado,Oficina General de Administración
Instalación de contenedores de basura,Gerencia de Servicios Municipales y Gestión Ambiental
Como hago el seguimiento de mi tramite,Oficina General de Atención al Ciudadano y Gestión Documental
Preservación de lengua materna,Gerencia de Desarrollo del Pueblo Asháninka
Reconocimiento de comunidad campesina,Gerencia de Desarrollo del Pueblo Asháninka
Saneamiento de comunidad,Gerencia de Desarrollo del Pueblo Asháninka
Vaso de leche,Gerencia de Desarrollo Social
Registro de saberes ancestrales,Gerencia de Desarrollo del Pueblo Asháninka
Rendición de gastos de viaje,Oficina General de Administración
Cese de funcionamiento,Gerencia Municipal
Servicio de fotocopiado,Oficina General de Administración
Estudio de preinversión,Oficina General de Planeamiento y Presupuesto
Conservación de parques y jardines,Gerencia de Servicios Municipales y Gestión Ambiental
Promoción de mypes,Gerencia de Desarrollo Económico y Administración Tributaria
Alta de equipos informáticos,Oficina General de Administración
Vacunación canina,Gerencia de Desarrollo Social
Revaluación de predio,Gerencia de Desarrollo Económico y Administración Tributaria
Cargo de asistencia a sesión,Concejo Municipal
Solicitud de adicional de obra,Oficina General de Planeamiento y Presupuesto
Defensa en proceso judicial,Oficina General de Asesoría Jurídica
Reporte de quema de basura,Gerencia de Servicios Municipales y Gestión Ambiental
Reforestación urbana,Gerencia de Servicios Municipales y Gestión Ambiental
Los vecinos botan basura en la esquina,Gerencia de Servicios Municipales y Gestión Ambiental
Servicio de serenazgo,Gerencia de Servicios Municipales y Gestión Ambiental
Limpieza de rio y canales,Gerencia de Servicios Municipales y Gestión Ambiental
Cargo de asistencia a sesión,Concejo Municipal
Solicitud de programa social,Gerencia de Desarrollo Social
Feria dominical de productores,Gerencia de Desarrollo Económico y Administración Tributaria
Moción de orden del día,Concejo Municipal
Opinión legal sobre licitación,Oficina General de Asesoría Jurídica
Cargo de asistencia a sesión,Concejo Municipal
Dictamen de comisión,Concejo Municipal
Propuesta de acuerdo de concejo,Concejo Municipal
Defensoría del niño y adolescente,Gerencia de Desarrollo Social
Solicito información de mis documentos,Oficina General de Atención al Ciudadano y Gestión Documental
Recepción de obra,Gerencia de Desarrollo Territorial e Infraestructura
Educación ambiental,Gerencia de Servicios Municipales y Gestión Ambiental
Revisión de expediente técnico,Gerencia de Desarrollo Territorial e Infraestructura
Consulta sobre estado de tramite,Oficina General de Atención al Ciudadano y Gestión Documental
Mantenimiento de areas verdes,Gerencia de Servicios Municipales y Gestión Ambiental
Conexión de agua y desagüe,Gerencia de Desarrollo Territorial e Infraestructura
Hoja de reclamo,Oficina General de Atención al Ciudadano y Gestión Documental
Pago de servicio de agua y luz,Oficina General de Administración
Declaración jurada,Oficina General de Atención al Ciudadano y Gestión Documental
Solicitud de ordenanza municipal,Concejo Municipal
Renovación de licencia,Gerencia Municipal
Solicitud de poda de arboles,Gerencia de Servicios Municipales y Gestión Ambiental
Propuesta de resolución de concejo,Concejo Municipal
Reconocimiento a ciudadano distinguido,Alcaldia
Necesito permiso para mi restaurante,Gerencia Municipal
Bono familiar universal,Gerencia de Desarrollo Social
Moción de orden del día,Concejo Municipal
Revisión de expediente técnico,Gerencia de Desarrollo Territorial e Infraestructura
Plan de desarrollo concertado,Oficina General de Planeamiento y Presupuesto
Monitoreo de calidad del aire,Gerencia de Servicios Municipales y Gestión Ambiental
Donación de bienes municipales,Alcaldia
Transferencia de licencia,Gerencia Municipal
Evaluación de indicadores de gestión,Oficina General de Planeamiento y Presupuesto
Presupuesto de apertura,Oficina General de Planeamiento y Presupuesto
Aprobación de presupuesto anual,Concejo Municipal
Quiero abrir un negocio,Gerencia Municipal
Cambio de giro comercial,Gerencia Municipal
Solicitud de poda de arboles,Gerencia de Servicios Municipales y Gestión Ambiental
Solicitud de adicional de obra,Oficina General de Planeamiento y Presupuesto
Comunicado oficial de alcaldía,Alcaldia
Proceso de selección de personal CAS,Oficina General de Administración
Solicito recibo de arbitrios,Gerencia de Desarrollo Económico y Administración Tributaria
Declaración jurada de impuestos,Gerencia de Desarrollo Económico y Administración Tributaria
Solicitud de ordenanza municipal,Concejo Municipal
Fumigación de zonas,Gerencia de Servicios Municipales y Gestión Ambiental
Inventario de patrimonio cultural,Gerencia de Desarrollo del Pueblo Asháninka
Certificado de parámetros urbanísticos,Gerencia de Desarrollo Territorial e Infraestructura
Constitución de comité de selección,Oficina General de Asesoría Jurídica
Denuncia por infracción municipal,Oficina General de Asesoría Jurídica
Solicitud de pensión por discapacidad,Gerencia de Desarrollo Social
Autorización de rotulo,Gerencia Municipal
Adquisición de bienes municipales,Oficina General de Administración
Propuesta de resolución de concejo,Concejo Municipal
Licencia de construcción,Gerencia de Desarrollo Territorial e Infraestructura
Estudio de preinversión,Oficina General de Planeamiento y Presupuesto
Informe de ejecución presupuestal,Oficina General de Planeamiento y Presupuesto
Denuncia por infracción municipal,Oficina General de Asesoría Jurídica
Solicitud de informe legal urgente,Oficina General de Asesoría Jurídica
Visto bueno de planos,Gerencia de Desarrollo Territorial e Infraestructura
Plan operativo institucional,Oficina General de Planeamiento y Presupuesto
Programa intercultural bilingüe,Gerencia de Desarrollo del Pueblo Asháninka
Conexión de agua y desagüe,Gerencia de Desarrollo Territorial e Infraestructura
Certificado de domicilio,Oficina General de Atención al Ciudadano y Gestión Documental
Plan estratégico institucional,Oficina General de Planeamiento y Presupuesto
Plan de desarrollo concertado,Oficina General de Planeamiento y Presupuesto
Fumigación de zonas,Gerencia de Servicios Municipales y Gestión Ambiental
Campaña de educación ciudadana,Alcaldia
Seguimiento de expediente,Oficina General de Atención al Ciudadano y Gestión Documental
Mantenimiento de vehículos municipales,Oficina General de Administración
Alquiler de local municipal,Oficina General de Administración
Reposición de bienes patrimoniales,Oficina General de Administración
Mantenimiento de cementerio,Gerencia de Servicios Municipales y Gestión Ambiental
Emisión de recibo de pago,Gerencia de Desarrollo Económico y Administración Tributaria
Registro de saberes ancestrales,Gerencia de Desarrollo del Pueblo Asháninka
Presupuesto participativo,Oficina General de Planeamiento y Presupuesto
Inscripción a programa de adulto mayor,Gerencia de Desarrollo Social
Absolución de queja ante la contraloría,Oficina General de Asesoría Jurídica
Asignación de recursos por resultados,Oficina General de Planeamiento y Presupuesto
Solicitud de licencia de regidor,Concejo Municipal
Proyecto de desarrollo comunal,Gerencia de Desarrollo del Pueblo Asháninka
Recepción de documentos,Oficina General de Atención al Ciudadano y Gestión Documental
Titulación de territorio comunal,Gerencia de Desarrollo del Pueblo Asháninka
Licencia de construcción,Gerencia de Desarrollo Territorial e Infraestructura
Revalidación de permiso,Gerencia Municipal
Conformidad de servicio prestado,Oficina General de Administración
Reconocimiento a ciudadano distinguido,Alcaldia
Inspección de comercio informal,Gerencia de Desarrollo Económico y Administración Tributaria
Evaluación presupuestal trimestral,Oficina General de Planeamiento y Presupuesto
Informe legal sobre contrato,Oficina General de Asesoría Jurídica
Emisión de recibo de pago,Gerencia de Desarrollo Económico y Administración Tributaria
Hay basura acumulada en mi calle,Gerencia de Servicios Municipales y Gestión Ambiental
Solicitud de declaración de emergencia,Alcaldia
Opinión legal sobre licitación,Oficina General de Asesoría Jurídica
Quiero poner un cartel en mi local,Gerencia Municipal
Recepción de obra,Gerencia de Desarrollo Territorial e Infraestructura
Solicitud de apoyo psicológico,Gerencia de Desarrollo Social
Proceso de selección de personal CAS,Oficina General de Administración
Como renuevo mi licencia,Gerencia Municipal
Consulta de requisitos,Gerencia Municipal
Solicitud de informe legal urgente,Oficina General de Asesoría Jurídica
Habilitación urbana,Gerencia de Desarrollo Territorial e Infraestructura
Registro de solicitudes,Oficina General de Atención al Ciudadano y Gestión Documental
Fumigación de zonas,Gerencia de Servicios Municipales y Gestión Ambiental
Feria dominical de productores,Gerencia de Desarrollo Económico y Administración Tributaria
Rendición de gastos de viaje,Oficina General de Administración
Defensa en proceso judicial,Oficina General de Asesoría Jurídica
Programación de metas presupuestales,Oficina General de Planeamiento y Presupuesto
Supervisión de obra municipal,Gerencia de Desarrollo Territorial e Infraestructura
Programa intercultural bilingüe,Gerencia de Desarrollo del Pueblo Asháninka
Presupuesto de apertura,Oficina General de Planeamiento y Presupuesto
Decreto de alcaldía,Alcaldia
Mantenimiento de areas verdes,Gerencia de Servicios Municipales y Gestión Ambiental
Consulta previa de proyecto,Gerencia de Desarrollo del Pueblo Asháninka
Solicitud de amnistía tributaria,Gerencia de Desarrollo Económico y Administración Tributaria
Comunicado oficial de alcaldía,Alcaldia
Conservación de parques y jardines,Gerencia de Servicios Municipales y Gestión Ambiental
Defensa en proceso judicial,Oficina General de Asesoría Jurídica
Plan operativo institucional,Oficina General de Planeamiento y Presupuesto
Decreto de alcaldía,Alcaldia
Solicitud de adicional de obra,Oficina General de Planeamiento y Presupuesto
Conformación de comisión ordinaria,Concejo Municipal
Pago de impuesto predial,Gerencia de Desarrollo Económico y Administración Tributaria
Mantenimiento de cementerio,Gerencia de Servicios Municipales y Gestión Ambiental
Proyecto de desarrollo comunal,Gerencia de Desarrollo del Pueblo Asháninka
Certificado de parámetros urbanísticos,Gerencia de Desarrollo Territorial e Infraestructura
Programa de alimentación escolar,Gerencia de Desarrollo Social
Permiso para ampliación de local,Gerencia Municipal
Informe de fiscalización,Concejo Municipal
Inspección de comercio informal,Gerencia de Desarrollo Económico y Administración Tributaria
Formalización de comerciante ambulante,Gerencia de Desarrollo Económico y Administración Tributaria
Solicitud de programa social,Gerencia de Desarrollo Social
Proyecto de desarrollo comunal,Gerencia de Desarrollo del Pueblo Asháninka
Servicio de serenazgo,Gerencia de Servicios Municipales y Gestión Ambiental
Solicitud de traducción de documentos,Gerencia de Desarrollo del Pueblo Asháninka
Preservación de lengua materna,Gerencia de Desarrollo del Pueblo Asháninka
Saneamiento de comunidad,Gerencia de Desarrollo del Pueblo Asháninka
Vaso de leche,Gerencia de Desarrollo Social
Arbitraje municipal,Oficina General de Asesoría Jurídica
Reconocimiento a ciudadano distinguido,Alcaldia
Club de madres,Gerencia de Desarrollo Social
Monitoreo de calidad del aire,Gerencia de Servicios Municipales y Gestión Ambiental
Mi licencia esta por vencer,Gerencia Municipal
Padrón de contribuyentes,Gerencia de Desarrollo Económico y Administración Tributaria
Contrato de servicio de vigilancia,Oficina General de Administración
Declaratoria de viabilidad,Oficina General de Planeamiento y Presupuesto
Donde dejo mi solicitud,Oficina General de Atención al Ciudadano y Gestión Documental
Visto bueno de planos,Gerencia de Desarrollo Territorial e Infraestructura
Programa intercultural bilingüe,Gerencia de Desarrollo del Pueblo Asháninka
Seguimiento de expediente,Oficina General de Atención al Ciudadano y Gestión Documental
Bono de vivienda rural,Gerencia de Desarrollo Social
Licencia temporal,Gerencia Municipal
Feria dominical de productores,Gerencia de Desarrollo Económico y Administración Tributaria
Carta de invitación a ceremonia,Alcaldia
Atención al ciudadano,Oficina General de Atención al Ciudadano y Gestión Documental
Carta de invitación a ceremonia,Alcaldia
Programa de becas interculturales,Gerencia de Desarrollo del Pueblo Asháninka
Alta de equipos informáticos,Oficina General de Administración
Preservación de lengua materna,Gerencia de Desarrollo del Pueblo Asháninka
Cobranza coactiva de deudas,Oficina General de Asesoría Jurídica
Atención al ciudadano,Oficina General de Atención al Ciudadano y Gestión Documental
Cobranza coactiva de deudas,Oficina General de Asesoría Jurídica
Programa de gobierno abierto,Alcaldia
Plan operativo institucional,Oficina General de Planeamiento y Presupuesto
Campaña de educación ciudadana,Alcaldia
Registro de saberes ancestrales,Gerencia de Desarrollo del Pueblo Asháninka
Instalación de red de alumbrado,Gerencia de Desarrollo Territorial e Infraestructura
Rendición de gastos de viaje,Oficina General de Administración
Demanda contra la municipalidad,Oficina General de Asesoría Jurídica
Convocatoria a sesión de concejo,Concejo Municipal
Declaratoria de viabilidad,Oficina General de Planeamiento y Presupuesto
Donación de bienes municipales,Alcaldia
Conexión domiciliaria de agua,Gerencia de Desarrollo Territorial e Infraestructura
Solicitud de padrón de beneficiarios,Alcaldia
Solicitud de silla de ruedas,Gerencia de Desarrollo Social
Solicitud de audiencia con el alcalde,Alcaldia
Monitoreo de calidad del aire,Gerencia de Servicios Municipales y Gestión Ambiental
Manejo de residuos peligrosos,Gerencia de Servicios Municipales y Gestión Ambiental
Solicitud de medico intercultural,Gerencia de Desarrollo del Pueblo Asháninka
Resolución de nulidad de oficio,Oficina General de Asesoría Jurídica
Programación de metas presupuestales,Oficina General de Planeamiento y Presupuesto
Solicitud de medico intercultural,Gerencia de Desarrollo del Pueblo Asháninka
Decreto de alcaldía,Alcaldia
Solicitud de programa social,Gerencia de Desarrollo Social
Solicitud de informe legal urgente,Oficina General de Asesoría Jurídica
Reposición de bienes patrimoniales,Oficina General de Administración
Presentación de documentos,Oficina General de Atención al Ciudadano y Gestión Documental
Defensa en proceso judicial,Oficina General de Asesoría Jurídica
Bono familiar universal,Gerencia de Desarrollo Social
Campaña de reciclaje,Gerencia de Servicios Municipales y Gestión Ambiental
Informe de ejecución presupuestal,Oficina General de Planeamiento y Presupuesto
Solicitud de adicional de obra,Oficina General de Planeamiento y Presupuesto
Duplicado de licencia,Gerencia Municipal
Propuesta de acuerdo de concejo,Concejo Municipal
Emprendimiento juvenil,Gerencia de Desarrollo Económico y Administración Tributaria
Certificado de parámetros urbanísticos,Gerencia de Desarrollo Territorial e Infraestructura
Monitoreo de calidad del aire,Gerencia de Servicios Municipales y Gestión Ambiental
Necesito permiso para mi restaurante,Gerencia Municipal
Solicitud de ordenanza municipal,Concejo Municipal
Construcción de losa deportiva,Gerencia de Desarrollo Territorial e Infraestructura
Programa intercultural bilingüe,Gerencia de Desarrollo del Pueblo Asháninka
Registro de saberes ancestrales,Gerencia de Desarrollo del Pueblo Asháninka
Inspección de comercio informal,Gerencia de Desarrollo Económico y Administración Tributaria
Plan operativo institucional,Oficina General de Planeamiento y Presupuesto
Programa de gobierno abierto,Alcaldia
Donde dejo mi solicitud,Oficina General de Atención al Ciudadano y Gestión Documental
Arbitraje municipal,Oficina General de Asesoría Jurídica
Adquisición de combustible,Oficina General de Administración
En que estado esta mi expediente,Oficina General de Atención al Ciudadano y Gestión Documental
Como renuevo mi licencia,Gerencia Municipal
Programación de inversiones,Oficina General de Planeamiento y Presupuesto
Servicio de fotocopiado,Oficina General de Administración
Resolución de alcaldía,Alcaldia
Certificado de parámetros urbanísticos,Gerencia de Desarrollo Territorial e Infraestructura
Transferencia de licencia,Gerencia Municipal
Club de madres,Gerencia de Desarrollo Social
Inspección técnica de obra,Gerencia de Desarrollo Territorial e Infraestructura
Alta de equipos informáticos,Oficina General de Administración
Inspección de comercio informal,Gerencia de Desarrollo Económico y Administración Tributaria
Solicitud de pensión por discapacidad,Gerencia de Desarrollo Social
Permiso para feria,Gerencia Municipal
Vaso de leche,Gerencia de Desarrollo Social
Rehabilitación de parque,Gerencia de Desarrollo Territorial e Infraestructura
Pronunciamiento jurídico sobre ordenanza,Oficina General de Asesoría Jurídica
Conciliación extrajudicial,Oficina General de Asesoría Jurídica
Bono de vivienda rural,Gerencia de Desarrollo Social
Opinión legal sobre licitación,Oficina General de Asesoría Jurídica
Programa de becas interculturales,Gerencia de Desarrollo del Pueblo Asháninka
Revaluación de predio,Gerencia de Desarrollo Económico y Administración Tributaria
Declaración de feriado local,Alcaldia
Bono familiar universal,Gerencia de Desarrollo Social
Comunicado oficial de alcaldía,Alcaldia
Fiscalización de actos administrativos,Oficina General de Asesoría Jurídica
Decreto de alcaldía,Alcaldia
Revisión de expediente técnico,Gerencia de Desarrollo Territorial e Infraestructura
Programa intercultural bilingüe,Gerencia de Desarrollo del Pueblo Asháninka
Consulta previa de proyecto,Gerencia de Desarrollo del Pueblo Asháninka
Orden de compra menor,Oficina General de Administración
Paquete de ayuda humanitaria,Gerencia de Desarrollo Social
Evaluación presupuestal trimestral,Oficina General de Planeamiento y Presupuesto
Verificación de padrón de contribuyentes,Gerencia de Desarrollo Económico y Administración Tributaria
Los vecinos botan basura en la esquina,Gerencia de Servicios Municipales y Gestión Ambiental
Contratación de servicio de limpieza,Oficina General de Administración
Presupuesto participativo,Oficina General de Planeamiento y Presupuesto
Certificado de domicilio,Oficina General de Atención al Ciudadano y Gestión Documental
Revisión de convenio interinstitucional,Oficina General de Asesoría Jurídica
Cese de funcionamiento,Gerencia Municipal
Conformación de comisión ordinaria,Concejo Municipal
Certificación de crédito presupuestario,Oficina General de Planeamiento y Presupuesto
Solicitud de informe de comisión,Concejo Municipal
Certificación de crédito presupuestario,Oficina General de Planeamiento y Presupuesto
Quiero presentar un documento,Oficina General de Atención al Ciudadano y Gestión Documental
Proceso contencioso administrativo,Oficina General de Asesoría Jurídica
Rehabilitación de parque,Gerencia de Desarrollo Territorial e Infraestructura
Solicitud de pasajes y viáticos,Oficina General de Administración
Hoja de reclamo,Oficina General de Atención al Ciudadano y Gestión Documental
Solicitud de partida de nacimiento,Oficina General de Atención al Ciudadano y Gestión Documental
Solicitud de certificado domiciliario,Oficina General de Atención al Ciudadano y Gestión Documental
Seguimiento de expediente,Oficina General de Atención al Ciudadano y Gestión Documental
Conexión domiciliaria de agua,Gerencia de Desarrollo Territorial e Infraestructura
Dictamen de comisión,Concejo Municipal
Pronunciamiento jurídico sobre ordenanza,Oficina General de Asesoría Jurídica
Educación ambiental,Gerencia de Servicios Municipales y Gestión Ambiental
Solicitud de padrón de beneficiarios,Alcaldia
Convocatoria a sesión de concejo,Concejo Municipal
Presupuesto participativo,Oficina General de Planeamiento y Presupuesto
Duplicado de licencia,Gerencia Municipal
Conservación de parques y jardines,Gerencia de Servicios Municipales y Gestión Ambiental
Conexión de agua y desagüe,Gerencia de Desarrollo Territorial e Infraestructura
Perfil de proyecto de inversión,Oficina General de Planeamiento y Presupuesto
Programa intercultural bilingüe,Gerencia de Desarrollo del Pueblo Asháninka
Contrato de servicio de vigilancia,Oficina General de Administración
Campaña de reciclaje,Gerencia de Servicios Municipales y Gestión Ambiental
Vacunación canina,Gerencia de Desarrollo Social
Solicitud de material de oficina,Oficina General de Administración
Cobranza de deuda tributaria,Gerencia de Desarrollo Económico y Administración Tributaria
Comedor popular,Gerencia de Desarrollo Social
Resolución de alcaldía,Alcaldia
Solicitud de poda de arboles,Gerencia de Servicios Municipales y Gestión Ambiental
Plan estratégico institucional,Oficina General de Planeamiento y Presupuesto
Certificado de domicilio,Oficina General de Atención al Ciudadano y Gestión Documental
Solicitud de adicional de obra,Oficina General de Planeamiento y Presupuesto
Autorización de rotulo,Gerencia Municipal
Dictamen de comisión,Concejo Municipal
Programa intercultural bilingüe,Gerencia de Desarrollo del Pueblo Asháninka
Decreto de alcaldía,Alcaldia
Permiso para terraza,Gerencia Municipal
Atención al ciudadano,Oficina General de Atención al Ciudadano y Gestión Documental
Defensoría del niño y adolescente,Gerencia de Desarrollo Social
Solicitud de ordenanza municipal,Concejo Municipal
Refugio para personas en situación de calle,Gerencia de Desarrollo Social
Construcción de vereda,Gerencia de Desarrollo Territorial e Infraestructura
Constancia de presentación,Oficina General de Atención al Ciudadano y Gestión Documental
Consulta sobre estado de tramite,Oficina General de Atención al Ciudadano y Gestión Documental
Instalación de red de alumbrado,Gerencia de Desarrollo Territorial e Infraestructura
Consulta administrativa,Gerencia Municipal
Solicitud de intérprete,Gerencia de Desarrollo del Pueblo Asháninka
Carta de invitación a ceremonia,Alcaldia
Asignación de recursos por resultados,Oficina General de Planeamiento y Presupuesto
Proyecto de desarrollo comunal,Gerencia de Desarrollo del Pueblo Asháninka
Monitoreo de calidad del aire,Gerencia de Servicios Municipales y Gestión Ambiental
Mantenimiento de vehículos municipales,Oficina General de Administración
Revaluación de predio,Gerencia de Desarrollo Económico y Administración Tributaria
Solicitud de material de oficina,Oficina General de Administración
Nombramiento de funcionario,Alcaldia
Regularización de edificación,Gerencia de Desarrollo Territorial e Infraestructura
Solicitud de intérprete,Gerencia de Desarrollo del Pueblo Asháninka
Paquete de ayuda humanitaria,Gerencia de Desarrollo Social
Como hago el seguimiento de mi tramite,Oficina General de Atención al Ciudadano y Gestión Documental
Consulta administrativa,Gerencia Municipal
Licencia de funcionamiento renovación,Gerencia de Desarrollo Económico y Administración Tributaria
Revisión de convenio interinstitucional,Oficina General de Asesoría Jurídica
Solicitud de medico intercultural,Gerencia de Desarrollo del Pueblo Asháninka
Inspección de comercio informal,Gerencia de Desarrollo Económico y Administración Tributaria
Formalización de comerciante ambulante,Gerencia de Desarrollo Económico y Administración Tributaria
Monitoreo de proyectos,Oficina General de Planeamiento y Presupuesto
Conexión domiciliaria de agua,Gerencia de Desarrollo Territorial e Infraestructura
Recepción de documentos,Oficina General de Atención al Ciudadano y Gestión Documental
Monitoreo de calidad del aire,Gerencia de Servicios Municipales y Gestión Ambiental
Presentación de documentos,Oficina General de Atención al Ciudadano y Gestión Documental
Registro de comunidad nativa,Gerencia de Desarrollo del Pueblo Asháninka
Conexión de agua y desagüe,Gerencia de Desarrollo Territorial e Infraestructura
Licencia de funcionamiento renovación,Gerencia de Desarrollo Económico y Administración Tributaria
Nombramiento de funcionario,Alcaldia
Permiso para ampliación de local,Gerencia Municipal
Solicitud de licencia comercial,Gerencia Municipal
Consulta de requisitos,Gerencia Municipal
Pago de servicio de agua y luz,Oficina General de Administración
Como hago el seguimiento de mi tramite,Oficina General de Atención al Ciudadano y Gestión Documental
Conservación de parques y jardines,Gerencia de Servicios Municipales y Gestión Ambiental
Solicitud de licencia de regidor,Concejo Municipal
Quiero presentar un documento,Oficina General de Atención al Ciudadano y Gestión Documental
Defensoría del niño y adolescente,Gerencia de Desarrollo Social
Ventanilla de atención al publico,Oficina General de Atención al Ciudadano y Gestión Documental
Bono de vivienda rural,Gerencia de Desarrollo Social
Inscripción a programa de adulto mayor,Gerencia de Desarrollo Social
Taller de capacitación juvenil,Gerencia de Desarrollo Social
Certificado de parámetros urbanísticos,Gerencia de Desarrollo Territorial e Infraestructura
Hoja de reclamo,Oficina General de Atención al Ciudadano y Gestión Documental
Quiero presentar un documento,Oficina General de Atención al Ciudadano y Gestión Documental
Moción de orden del día,Concejo Municipal
Fiscalización ambiental,Gerencia de Servicios Municipales y Gestión Ambiental
Solicito recibo de arbitrios,Gerencia de Desarrollo Económico y Administración Tributaria
Solicitud de traducción de documentos,Gerencia de Desarrollo del Pueblo Asháninka
Cuna mas,Gerencia de Desarrollo Social
Proyecto de resolución legal,Oficina General de Asesoría Jurídica
Inspección de comercio informal,Gerencia de Desarrollo Económico y Administración Tributaria
Visto bueno de planos,Gerencia de Desarrollo Territorial e Infraestructura
Vacunación canina,Gerencia de Desarrollo Social
Defensoría del niño y adolescente,Gerencia de Desarrollo Social
Evaluación presupuestal trimestral,Oficina General de Planeamiento y Presupuesto
Saneamiento de comunidad,Gerencia de Desarrollo del Pueblo Asháninka
Inspección técnica de obra,Gerencia de Desarrollo Territorial e Infraestructura
Alta de equipos informáticos,Oficina General de Administración
Quiero abrir un negocio,Gerencia Municipal
Permiso para vender en la calle,Gerencia Municipal
Solicitud de amnistía tributaria,Gerencia de Desarrollo Económico y Administración Tributaria
Saludo protocolar por aniversario,Alcaldia
Apoyo a artesanía asháninka,Gerencia de Desarrollo del Pueblo Asháninka
Preservación de lengua materna,Gerencia de Desarrollo del Pueblo Asháninka
Visto bueno de planos,Gerencia de Desarrollo Territorial e Infraestructura
Solicitud de pasajes y viáticos,Oficina General de Administración
Solicitud de intérprete,Gerencia de Desarrollo del Pueblo Asháninka
Presupuesto participativo,Oficina General de Planeamiento y Presupuesto
Seguimiento de expediente,Oficina General de Atención al Ciudadano y Gestión Documental
Feria de productos nativos,Gerencia de Desarrollo del Pueblo Asháninka
Conexión de agua y desagüe,Gerencia de Desarrollo Territorial e Infraestructura
Permiso para feria,Gerencia Municipal
Reconocimiento de comunidad campesina,Gerencia de Desarrollo del Pueblo Asháninka
Como renuevo mi licencia,Gerencia Municipal
Constitución de comité de selección,Oficina General de Asesoría Jurídica
Inventario de patrimonio cultural,Gerencia de Desarrollo del Pueblo Asháninka
Como hago el seguimiento de mi tramite,Oficina General de Atención al Ciudadano y Gestión Documental
Preservación de lengua materna,Gerencia de Desarrollo del Pueblo Asháninka
Rehabilitación de parque,Gerencia de Desarrollo Territorial e Infraestructura
En que estado esta mi expediente,Oficina General de Atención al Ciudadano y Gestión Documental
Autorización de rotulo,Gerencia Municipal
Padrón de contribuyentes,Gerencia de Desarrollo Económico y Administración Tributaria
Informe de cumplimiento de metas,Oficina General de Planeamiento y Presupuesto
Renovación de licencia,Gerencia Municipal
Autorización para evento deportivo,Gerencia Municipal
Propuesta de resolución de concejo,Concejo Municipal
Cese de funcionamiento,Gerencia Municipal
Declaratoria de viabilidad,Oficina General de Planeamiento y Presupuesto
Visto bueno de planos,Gerencia de Desarrollo Territorial e Infraestructura
Taller de capacitación juvenil,Gerencia de Desarrollo Social
Monitoreo de calidad del aire,Gerencia de Servicios Municipales y Gestión Ambiental
Taller de capacitación juvenil,Gerencia de Desarrollo Social
Instalación de red de alumbrado,Gerencia de Desarrollo Territorial e Infraestructura
Contrato de servicio de vigilancia,Oficina General de Administración
Convocatoria a sesión de concejo,Concejo Municipal
Solicitud de pasajes y viáticos,Oficina General de Administración
Solicitud de licencia de regidor,Concejo Municipal
Solicitud de ordenanza municipal,Concejo Municipal
Recojo de residuos sólidos,Gerencia de Servicios Municipales y Gestión Ambiental
Informe de ejecución presupuestal,Oficina General de Planeamiento y Presupuesto
Habilitación urbana,Gerencia de Desarrollo Territorial e Infraestructura
Saneamiento de comunidad,Gerencia de Desarrollo del Pueblo Asháninka
Nombramiento de funcionario,Alcaldia
Defensa en proceso judicial,Oficina General de Asesoría Jurídica
Acta de sesión extraordinaria,Concejo Municipal
Revaluación de predio,Gerencia de Desarrollo Económico y Administración Tributaria
Cobranza de deuda tributaria,Gerencia de Desarrollo Económico y Administración Tributaria
Reconocimiento a ciudadano distinguido,Alcaldia
Hoja de reclamo,Oficina General de Atención al Ciudadano y Gestión Documental
Propuesta de resolución de concejo,Concejo Municipal
Solicitud de certificado domiciliario,Oficina General de Atención al Ciudadano y Gestión Documental
Barrido de calles,Gerencia de Servicios Municipales y Gestión Ambiental
Resolución de alcaldía,Alcaldia
Verificación de padrón de contribuyentes,Gerencia de Desarrollo Económico y Administración Tributaria
Acción de amparo,Oficina General de Asesoría Jurídica
Visto bueno de planos,Gerencia de Desarrollo Territorial e Infraestructura
Rendición de gastos de viaje,Oficina General de Administración
Permiso para vender en la calle,Gerencia Municipal
Instalación de red de alumbrado,Gerencia de Desarrollo Territorial e Infraestructura
Informe de cumplimiento de metas,Oficina General de Planeamiento y Presupuesto
Asignación de recursos por resultados,Oficina General de Planeamiento y Presupuesto
Programa de formalización de empresas,Gerencia de Desarrollo Económico y Administración Tributaria
Renovación de licencia,Gerencia Municipal
Permiso para cierre de calle,Gerencia Municipal
Solicitud de pasajes y viáticos,Oficina General de Administración
Inspección técnica de obra,Gerencia de Desarrollo Territorial e Infraestructura
Solicitud de padrón de beneficiarios,Alcaldia
Permiso para espectaculo,Gerencia Municipal
Preservación de lengua materna,Gerencia de Desarrollo del Pueblo Asháninka
Bono familiar universal,Gerencia de Desarrollo Social
Instalación de contenedores de basura,Gerencia de Servicios Municipales y Gestión Ambiental
Adquisición de bienes municipales,Oficina General de Administración
Comunicado oficial de alcaldía,Alcaldia
Solicitud de factibilidad de servicios,Gerencia de Desarrollo Territorial e Infraestructura
Feria de productos nativos,Gerencia de Desarrollo del Pueblo Asháninka
Apoyo a artesanía asháninka,Gerencia de Desarrollo del Pueblo Asháninka
Solicitud de silla de ruedas,Gerencia de Desarrollo Social
Informe de cumplimiento de metas,Oficina General de Planeamiento y Presupuesto
Solicito recibo de arbitrios,Gerencia de Desarrollo Económico y Administración Tributaria
Programación de metas presupuestales,Oficina General de Planeamiento y Presupuesto
Conexión domiciliaria de agua,Gerencia de Desarrollo Territorial e Infraestructura
Mantenimiento de cementerio,Gerencia de Servicios Municipales y Gestión Ambiental
Recepción de obra,Gerencia de Desarrollo Territorial e Infraestructura
Alquiler de local municipal,Oficina General de Administración
Permiso para ampliación de local,Gerencia Municipal
Padrón de contribuyentes,Gerencia de Desarrollo Económico y Administración Tributaria
Autorización para evento deportivo,Gerencia Municipal
Rendición de gastos de viaje,Oficina General de Administración
Dictamen de comisión,Concejo Municipal
Solicitud de licencia de regidor,Concejo Municipal
Registro de solicitudes,Oficina General de Atención al Ciudadano y Gestión Documental
Reporte de acumulación de basura,Gerencia de Servicios Municipales y Gestión Ambiental
Los vecinos botan basura en la esquina,Gerencia de Servicios Municipales y Gestión Ambiental
Como hago el seguimiento de mi tramite,Oficina General de Atención al Ciudadano y Gestión Documental
Comunicado oficial de alcaldía,Alcaldia
Manejo de residuos peligrosos,Gerencia de Servicios Municipales y Gestión Ambiental
Feria dominical de productores,Gerencia de Desarrollo Económico y Administración Tributaria
Visto bueno de planos,Gerencia de Desarrollo Territorial e Infraestructura
Club de madres,Gerencia de Desarrollo Social
Reposición de bienes patrimoniales,Oficina General de Administración
Bono familiar universal,Gerencia de Desarrollo Social
Solicitud de medico intercultural,Gerencia de Desarrollo del Pueblo Asháninka
Promoción de mypes,Gerencia de Desarrollo Económico y Administración Tributaria
Mantenimiento de pistas y veredas,Gerencia de Desarrollo Territorial e Infraestructura
Presentación de documentos,Oficina General de Atención al Ciudadano y Gestión Documental
Contrato de servicio de vigilancia,Oficina General de Administración
Certificación de crédito presupuestario,Oficina General de Planeamiento y Presupuesto
Solicitud de informe de comisión,Concejo Municipal
Convocatoria a sesión de concejo,Concejo Municipal
Programa intercultural bilingüe,Gerencia de Desarrollo del Pueblo Asháninka
Proceso contencioso administrativo,Oficina General de Asesoría Jurídica
Decreto de alcaldía,Alcaldia
Contrato de servicio de vigilancia,Oficina General de Administración
Como hago el seguimiento de mi tramite,Oficina General de Atención al Ciudadano y Gestión Documental
Mantenimiento de pistas y veredas,Gerencia de Desarrollo Territorial e Infraestructura
Revisión de contrato de obra,Oficina General de Asesoría Jurídica
Certificado de supervivencia,Oficina General de Atención al Ciudadano y Gestión Documental
Bono de vivienda rural,Gerencia de Desarrollo Social
Mantenimiento de cementerio,Gerencia de Servicios Municipales y Gestión Ambiental
Manejo de residuos peligrosos,Gerencia de Servicios Municipales y Gestión Ambiental
Hoja de reclamo,Oficina General de Atención al Ciudadano y Gestión Documental
Consulta previa de proyecto,Gerencia de Desarrollo del Pueblo Asháninka
Licencia de construcción,Gerencia de Desarrollo Territorial e Infraestructura
Solicitud de informe legal urgente,Oficina General de Asesoría Jurídica
Evaluación de indicadores de gestión,Oficina General de Planeamiento y Presupuesto
Construcción de vereda,Gerencia de Desarrollo Territorial e Infraestructura
Inscripción a programa de adulto mayor,Gerencia de Desarrollo Social
Pago de impuesto predial,Gerencia de Desarrollo Económico y Administración Tributaria
Solicitud de informe de comisión,Concejo Municipal
Programa de formalización de empresas,Gerencia de Desarrollo Económico y Administración Tributaria
Visto bueno de planos,Gerencia de Desarrollo Territorial e Infraestructura
Vaso de leche,Gerencia de Desarrollo Social
Licencia de construcción,Gerencia de Desarrollo Territorial e Infraestructura
Solicitud de material de oficina,Oficina General de Administración
Fiscalización de actos administrativos,Oficina General de Asesoría Jurídica
Solicitud de modificación presupuestal,Oficina General de Planeamiento y Presupuesto
Visto bueno de planos,Gerencia de Desarrollo Territorial e Infraestructura
Promoción de mypes,Gerencia de Desarrollo Económico y Administración Tributaria
Acta de sesión extraordinaria,Concejo Municipal
Opinión legal sobre licitación,Oficina General de Asesoría Jurídica
Solicitud de licencia de regidor,Concejo Municipal
Mantenimiento de vehículos municipales,Oficina General de Administración
Como hago el seguimiento de mi tramite,Oficina General de Atención al Ciudadano y Gestión Documental
Solicitud de silla de ruedas,Gerencia de Desarrollo Social
Revalidación de permiso,Gerencia Municipal
Constitución de comité de selección,Oficina General de Asesoría Jurídica
Solicitud de pensión por discapacidad,Gerencia de Desarrollo Social
Solicitud de pensión por discapacidad,Gerencia de Desarrollo Social
Programa de formalización de empresas,Gerencia de Desarrollo Económico y Administración Tributaria
Mantenimiento de areas verdes,Gerencia de Servicios Municipales y Gestión Ambiental
Reporte de avance físico y financiero,Oficina General de Planeamiento y Presupuesto
Donde dejo mi solicitud,Oficina General de Atención al Ciudadano y Gestión Documental
Quiero poner un cartel en mi local,Gerencia Municipal
Solicitud de intérprete,Gerencia de Desarrollo del Pueblo Asháninka
Apoyo para persona con discapacidad,Gerencia de Desarrollo Social
Mantenimiento de equipos informáticos,Oficina General de Administración
Defensoría del niño y adolescente,Gerencia de Desarrollo Social
Instalación de contenedores de basura,Gerencia de Servicios Municipales y Gestión Ambiental
Adquisición de combustible,Oficina General de Administración
Permiso para vender en la calle,Gerencia Municipal
Solicitud de partida de nacimiento,Oficina General de Atención al Ciudadano y Gestión Documental
Orden de compra menor,Oficina General de Administración
Fiscalización ambiental,Gerencia de Servicios Municipales y Gestión Ambiental
Reclamo de arbitrios municipales,Gerencia de Desarrollo Económico y Administración Tributaria
Absolución de queja ante la contraloría,Oficina General de Asesoría Jurídica
Quiero abrir un negocio,Gerencia Municipal
Resolución de nulidad de oficio,Oficina General de Asesoría Jurídica
Emisión de recibo de pago,Gerencia de Desarrollo Económico y Administración Tributaria
Donación de bienes municipales,Alcaldia
Programa de formalización de empresas,Gerencia de Desarrollo Económico y Administración Tributaria
Registro de comunidad nativa,Gerencia de Desarrollo del Pueblo Asháninka
Programa de alimentación escolar,Gerencia de Desarrollo Social
Visto bueno de planos,Gerencia de Desarrollo Territorial e Infraestructura
Reporte de acumulación de basura,Gerencia de Servicios Municipales y Gestión Ambiental
Conexión domiciliaria de agua,Gerencia de Desarrollo Territorial e Infraestructura
Plan operativo institucional,Oficina General de Planeamiento y Presupuesto
Registro de comunidad nativa,Gerencia de Desarrollo del Pueblo Asháninka
Aprobación de presupuesto anual,Concejo Municipal
Campaña de salud gratuita,Gerencia de Desarrollo Social
Acta de sesión extraordinaria,Concejo Municipal
Apoyo a artesanía asháninka,Gerencia de Desarrollo del Pueblo Asháninka
Promoción de mypes,Gerencia de Desarrollo Económico y Administración Tributaria
Proyecto de desarrollo comunal,Gerencia de Desarrollo del Pueblo Asháninka
Campaña de prevención de violencia,Gerencia de Desarrollo Social
Limpieza de mercados,Gerencia de Servicios Municipales y Gestión Ambiental
Saludo protocolar por aniversario,Alcaldia
Solicitud de declaración de emergencia,Alcaldia
Programación de inversiones,Oficina General de Planeamiento y Presupuesto
Declaración de feriado local,Alcaldia
Comunicado oficial de alcaldía,Alcaldia
Fumigación de zonas,Gerencia de Servicios Municipales y Gestión Ambiental
Solicitud de amnistía tributaria,Gerencia de Desarrollo Económico y Administración Tributaria
Construcción de losa deportiva,Gerencia de Desarrollo Territorial e Infraestructura
Necesito permiso para mi restaurante,Gerencia Municipal
Solicitud de traducción de documentos,Gerencia de Desarrollo del Pueblo Asháninka
Certificación de crédito presupuestario,Oficina General de Planeamiento y Presupuesto
Baja de bienes muebles,Oficina General de Administración
Solicitud de modificación presupuestal,Oficina General de Planeamiento y Presupuesto
Quiero abrir un negocio,Gerencia Municipal
Cambio de giro comercial,Gerencia Municipal
Inspección de comercio informal,Gerencia de Desarrollo Económico y Administración Tributaria
Solicitud de permiso municipal,Gerencia Municipal
Consulta administrativa,Gerencia Municipal
Solicito recibo de arbitrios,Gerencia de Desarrollo Económico y Administración Tributaria
Orden de compra menor,Oficina General de Administración
Campaña de prevención de violencia,Gerencia de Desarrollo Social
Necesito mi certificado de domicilio,Oficina General de Atención al Ciudadano y Gestión Documental
Solicitud de medico intercultural,Gerencia de Desarrollo del Pueblo Asháninka
Inspección técnica de obra,Gerencia de Desarrollo Territorial e Infraestructura
Proceso contencioso administrativo,Oficina General de Asesoría Jurídica
Solicitud de pensión por discapacidad,Gerencia de Desarrollo Social
Solicitud de ordenanza municipal,Concejo Municipal
Servicio de fotocopiado,Oficina General de Administración
Solicitud de adicional de obra,Oficina General de Planeamiento y Presupuesto
Taller de capacitación juvenil,Gerencia de Desarrollo Social
Comedor popular,Gerencia de Desarrollo Social
Certificado de supervivencia,Oficina General de Atención al Ciudadano y Gestión Documental
Renovación de licencia,Gerencia Municipal
Certificado de supervivencia,Oficina General de Atención al Ciudadano y Gestión Documental
Transferencia de licencia,Gerencia Municipal
Construcción de losa deportiva,Gerencia de Desarrollo Territorial e Infraestructura
Como hago el seguimiento de mi tramite,Oficina General de Atención al Ciudadano y Gestión Documental
Resolución de nulidad de oficio,Oficina General de Asesoría Jurídica
Revisión de convenio interinstitucional,Oficina General de Asesoría Jurídica
Barrido de calles,Gerencia de Servicios Municipales y Gestión Ambiental
Defensoría del niño y adolescente,Gerencia de Desarrollo Social
Programa de gobierno abierto,Alcaldia
Demanda contra la municipalidad,Oficina General de Asesoría Jurídica
Consulta previa de proyecto,Gerencia de Desarrollo del Pueblo Asháninka
Presupuesto participativo,Oficina General de Planeamiento y Presupuesto
Moción de orden del día,Concejo Municipal
Quiero presentar un documento,Oficina General de Atención al Ciudadano y Gestión Documental
Estudio de preinversión,Oficina General de Planeamiento y Presupuesto
Consulta administrativa,Gerencia Municipal
Solicitud de informe legal urgente,Oficina General de Asesoría Jurídica
Mantenimiento de vehículos municipales,Oficina General de Administración
Resolución de habilitación urbana,Gerencia de Desarrollo Territorial e Infraestructura
Solicitud de informe legal urgente,Oficina General de Asesoría Jurídica
Arbitraje municipal,Oficina General de Asesoría Jurídica
Programación de inversiones,Oficina General de Planeamiento y Presupuesto
Programación de inversiones,Oficina General de Planeamiento y Presupuesto
Recurso de apelación administrativa,Oficina General de Asesoría Jurídica
Absolución de queja ante la contraloría,Oficina General de Asesoría Jurídica
Registro de comunidad nativa,Gerencia de Desarrollo del Pueblo Asháninka
Perfil de proyecto de inversión,Oficina General de Planeamiento y Presupuesto
Conservación de parques y jardines,Gerencia de Servicios Municipales y Gestión Ambiental
Quiero presentar un documento,Oficina General de Atención al Ciudadano y Gestión Documental
Resolución de nulidad de oficio,Oficina General de Asesoría Jurídica
Reporte de avance físico y financiero,Oficina General de Planeamiento y Presupuesto
Solicitud de partida de nacimiento,Oficina General de Atención al Ciudadano y Gestión Documental
Conciliación extrajudicial,Oficina General de Asesoría Jurídica
Reporte de avance físico y financiero,Oficina General de Planeamiento y Presupuesto
Promoción de mypes,Gerencia de Desarrollo Económico y Administración Tributaria
Declaración de feriado local,Alcaldia
Solicitud de ordenanza municipal,Concejo Municipal
Revisión de contrato de obra,Oficina General de Asesoría Jurídica
Saludo protocolar por aniversario,Alcaldia
Estudio de preinversión,Oficina General de Planeamiento y Presupuesto
Reposición de bienes patrimoniales,Oficina General de Administración
Moción de orden del día,Concejo Municipal
Renovación de licencia,Gerencia Municipal
Bono de vivienda rural,Gerencia de Desarrollo Social
Solicitud de informe de comisión,Concejo Municipal
Declaratoria de viabilidad,Oficina General de Planeamiento y Presupuesto
Inspección de comercio informal,Gerencia de Desarrollo Económico y Administración Tributaria
Fumigación de zonas,Gerencia de Servicios Municipales y Gestión Ambiental
Solicitud de factibilidad de servicios,Gerencia de Desarrollo Territorial e Infraestructura
Declaratoria de viabilidad,Oficina General de Planeamiento y Presupuesto
Conformidad de servicio prestado,Oficina General de Administración
Adquisición de combustible,Oficina General de Administración
Pago de impuesto predial,Gerencia de Desarrollo Económico y Administración Tributaria
Los vecinos botan basura en la esquina,Gerencia de Servicios Municipales y Gestión Ambiental
Regularización de edificación,Gerencia de Desarrollo Territorial e Infraestructura
Bono familiar universal,Gerencia de Desarrollo Social
Propuesta de resolución de concejo,Concejo Municipal
Mi licencia esta por vencer,Gerencia Municipal
Donde dejo mi solicitud,Oficina General de Atención al Ciudadano y Gestión Documental
Pago de impuesto predial,Gerencia de Desarrollo Económico y Administración Tributaria
En que estado esta mi expediente,Oficina General de Atención al Ciudadano y Gestión Documental
Supervisión de obra municipal,Gerencia de Desarrollo Territorial e Infraestructura
Arbitraje municipal,Oficina General de Asesoría Jurídica
Consulta previa de proyecto,Gerencia de Desarrollo del Pueblo Asháninka
Solicito información de mis documentos,Oficina General de Atención al Ciudadano y Gestión Documental
Programación de inversiones,Oficina General de Planeamiento y Presupuesto
Alta de equipos informáticos,Oficina General de Administración
Reposición de bienes patrimoniales,Oficina General de Administración
Solicitud de intérprete,Gerencia de Desarrollo del Pueblo Asháninka
Registro de comunidad nativa,Gerencia de Desarrollo del Pueblo Asháninka
Denuncia por infracción municipal,Oficina General de Asesoría Jurídica
Evaluación presupuestal trimestral,Oficina General de Planeamiento y Presupuesto
Cobranza coactiva de deudas,Oficina General de Asesoría Jurídica
Licencia de construcción,Gerencia de Desarrollo Territorial e Infraestructura
Pago de impuesto predial,Gerencia de Desarrollo Económico y Administración Tributaria
Consulta de requisitos,Gerencia Municipal
Plan de desarrollo concertado,Oficina General de Planeamiento y Presupuesto
Saludo protocolar por aniversario,Alcaldia
Cobranza de deuda tributaria,Gerencia de Desarrollo Económico y Administración Tributaria
Mantenimiento de pistas y veredas,Gerencia de Desarrollo Territorial e Infraestructura
Campaña de salud gratuita,Gerencia de Desarrollo Social
Servicio de serenazgo,Gerencia de Servicios Municipales y Gestión Ambiental
Constitución de comité de selección,Oficina General de Asesoría Jurídica
Propuesta de resolución de concejo,Concejo Municipal
Solicitud de adicional de obra,Oficina General de Planeamiento y Presupuesto
Solicitud de adicional de obra,Oficina General de Planeamiento y Presupuesto
Estudio de preinversión,Oficina General de Planeamiento y Presupuesto
Recurso de apelación administrativa,Oficina General de Asesoría Jurídica
Cambio de giro comercial,Gerencia Municipal
Resolución de habilitación urbana,Gerencia de Desarrollo Territorial e Infraestructura
Licencia temporal,Gerencia Municipal
Presentación de documentos,Oficina General de Atención al Ciudadano y Gestión Documental
Monitoreo de proyectos,Oficina General de Planeamiento y Presupuesto
Bono de vivienda rural,Gerencia de Desarrollo Social
Mantenimiento de areas verdes,Gerencia de Servicios Municipales y Gestión Ambiental
Conciliación extrajudicial,Oficina General de Asesoría Jurídica
Declaratoria de viabilidad,Oficina General de Planeamiento y Presupuesto
Conformación de comisión ordinaria,Concejo Municipal
Fiscalización ambiental,Gerencia de Servicios Municipales y Gestión Ambiental
Supervisión de obra municipal,Gerencia de Desarrollo Territorial e Infraestructura
Campaña de educación ciudadana,Alcaldia
Aprobación de presupuesto anual,Concejo Municipal
Comedor popular,Gerencia de Desarrollo Social
Solicitud de padrón de beneficiarios,Alcaldia
Mantenimiento de pistas y veredas,Gerencia de Desarrollo Territorial e Infraestructura
Conexión domiciliaria de agua,Gerencia de Desarrollo Territorial e Infraestructura
Solicito recibo de arbitrios,Gerencia de Desarrollo Económico y Administración Tributaria
Evaluación de indicadores de gestión,Oficina General de Planeamiento y Presupuesto
Monitoreo de proyectos,Oficina General de Planeamiento y Presupuesto
Padrón de contribuyentes,Gerencia de Desarrollo Económico y Administración Tributaria
Denuncia de contaminación sonora,Gerencia de Servicios Municipales y Gestión Ambiental
Mantenimiento de pistas y veredas,Gerencia de Desarrollo Territorial e Infraestructura
Formalización de comerciante ambulante,Gerencia de Desarrollo Económico y Administración Tributaria
Recurso de apelación administrativa,Oficina General de Asesoría Jurídica
Donde dejo mi solicitud,Oficina General de Atención al Ciudadano y Gestión Documental
Registro de comunidad nativa,Gerencia de Desarrollo del Pueblo Asháninka
Decreto de alcaldía,Alcaldia
Asignación de recursos por resultados,Oficina General de Planeamiento y Presupuesto
El parque esta sucio necesitan limpiarlo,Gerencia de Servicios Municipales y Gestión Ambiental
Mantenimiento de areas verdes,Gerencia de Servicios Municipales y Gestión Ambiental
Certificado de domicilio,Oficina General de Atención al Ciudadano y Gestión Documental
Baja de bienes muebles,Oficina General de Administración
Consulta sobre estado de tramite,Oficina General de Atención al Ciudadano y Gestión Documental
Proyecto de desarrollo comunal,Gerencia de Desarrollo del Pueblo Asháninka
Proyecto de resolución legal,Oficina General de Asesoría Jurídica
Resolución de nulidad de oficio,Oficina General de Asesoría Jurídica
Manejo de residuos peligrosos,Gerencia de Servicios Municipales y Gestión Ambiental
Presupuesto de apertura,Oficina General de Planeamiento y Presupuesto
En que estado esta mi expediente,Oficina General de Atención al Ciudadano y Gestión Documental
Saludo protocolar por aniversario,Alcaldia
Comunicado oficial de alcaldía,Alcaldia
Bono familiar universal,Gerencia de Desarrollo Social
Convenio de cooperación interinstitucional,Alcaldia
Transferencia de licencia,Gerencia Municipal
Recojo de residuos sólidos,Gerencia de Servicios Municipales y Gestión Ambiental
Campaña de educación ciudadana,Alcaldia
Presupuesto de apertura,Oficina General de Planeamiento y Presupuesto
Solicitud de modificación presupuestal,Oficina General de Planeamiento y Presupuesto
Certificado de domicilio,Oficina General de Atención al Ciudadano y Gestión Documental
Cargo de asistencia a sesión,Concejo Municipal
Fiscalización de actos administrativos,Oficina General de Asesoría Jurídica
Reporte de acumulación de basura,Gerencia de Servicios Municipales y Gestión Ambiental
Feria dominical de productores,Gerencia de Desarrollo Económico y Administración Tributaria
Reconocimiento de comunidad campesina,Gerencia de Desarrollo del Pueblo Asháninka
Permiso para cierre de calle,Gerencia Municipal
Supervisión de obra municipal,Gerencia de Desarrollo Territorial e Infraestructura
Carta de invitación a ceremonia,Alcaldia
Solicitud de programa social,Gerencia de Desarrollo Social
Acta de sesión extraordinaria,Concejo Municipal
Estudio de preinversión,Oficina General de Planeamiento y Presupuesto
Permiso para ampliación de local,Gerencia Municipal
Monitoreo de proyectos,Oficina General de Planeamiento y Presupuesto
En que estado esta mi expediente,Oficina General de Atención al Ciudadano y Gestión Documental
Autorización para evento deportivo,Gerencia Municipal
Solicito recibo de arbitrios,Gerencia de Desarrollo Económico y Administración Tributaria
Campaña de educación ciudadana,Alcaldia
Carta de invitación a ceremonia,Alcaldia
Permiso para terraza,Gerencia Municipal
Club de madres,Gerencia de Desarrollo Social
Solicitud de padrón de beneficiarios,Alcaldia
Padrón de contribuyentes,Gerencia de Desarrollo Económico y Administración Tributaria
Campaña de reciclaje,Gerencia de Servicios Municipales y Gestión Ambiental
Comunicado oficial de alcaldía,Alcaldia
Acción de amparo,Oficina General de Asesoría Jurídica
Cargo de asistencia a sesión,Concejo Municipal
Compra de uniformes para personal,Oficina General de Administración
Autorización de funcionamiento,Gerencia Municipal
Licencia de construcción,Gerencia de Desarrollo Territorial e Infraestructura
Adquisición de bienes municipales,Oficina General de Administración
Adquisición de combustible,Oficina General de Administración
Recojo de residuos sólidos,Gerencia de Servicios Municipales y Gestión Ambiental
Solicitud de intérprete,Gerencia de Desarrollo del Pueblo Asháninka
Visto bueno de planos,Gerencia de Desarrollo Territorial e Infraestructura
Renovación de licencia,Gerencia Municipal
Solicitud de silla de ruedas,Gerencia de Desarrollo Social
Plan estratégico institucional,Oficina General de Planeamiento y Presupuesto
Solicitud de declaración de emergencia,Alcaldia
Licencia temporal,Gerencia Municipal
Solicitud de programa social,Gerencia de Desarrollo Social
Consulta sobre estado de tramite,Oficina General de Atención al Ciudadano y Gestión Documental
Los vecinos botan basura en la esquina,Gerencia de Servicios Municipales y Gestión Ambiental
Solicitud de intérprete,Gerencia de Desarrollo del Pueblo Asháninka
Declaración de sesión reservada,Concejo Municipal
Plan de desarrollo concertado,Oficina General de Planeamiento y Presupuesto
Cese de funcionamiento,Gerencia Municipal
El parque esta sucio necesitan limpiarlo,Gerencia de Servicios Municipales y Gestión Ambiental
Preservación de lengua materna,Gerencia de Desarrollo del Pueblo Asháninka
Monitoreo de proyectos,Oficina General de Planeamiento y Presupuesto
Estudio de preinversión,Oficina General de Planeamiento y Presupuesto
Mantenimiento de pistas y veredas,Gerencia de Desarrollo Territorial e Infraestructura
Servicio de fotocopiado,Oficina General de Administración
Taller de capacitación juvenil,Gerencia de Desarrollo Social
Presupuesto de apertura,Oficina General de Planeamiento y Presupuesto
Certificación de crédito presupuestario,Oficina General de Planeamiento y Presupuesto
Evaluación presupuestal trimestral,Oficina General de Planeamiento y Presupuesto
Presentación de documentos,Oficina General de Atención al Ciudadano y Gestión Documental
Propuesta de acuerdo de concejo,Concejo Municipal
Rehabilitación de parque,Gerencia de Desarrollo Territorial e Infraestructura
Conformación de comisión ordinaria,Concejo Municipal
Permiso para feria,Gerencia Municipal
Solicitud de informe de comisión,Concejo Municipal
Proyecto de desarrollo comunal,Gerencia de Desarrollo del Pueblo Asháninka
Revisión de expediente técnico,Gerencia de Desarrollo Territorial e Infraestructura
Solicito información de mis documentos,Oficina General de Atención al Ciudadano y Gestión Documental
Quiero poner un cartel en mi local,Gerencia Municipal
Plan operativo institucional,Oficina General de Planeamiento y Presupuesto
Opinión legal sobre licitación,Oficina General de Asesoría Jurídica
Registro de comunidad nativa,Gerencia de Desarrollo del Pueblo Asháninka
Informe de ejecución presupuestal,Oficina General de Planeamiento y Presupuesto
Revisión de convenio interinstitucional,Oficina General de Asesoría Jurídica
Arbitraje municipal,Oficina General de Asesoría Jurídica
Fiscalización ambiental,Gerencia de Servicios Municipales y Gestión Ambiental
Informe de fiscalización,Concejo Municipal
Arbitraje municipal,Oficina General de Asesoría Jurídica
Fumigación de zonas,Gerencia de Servicios Municipales y Gestión Ambiental
Recepción de obra,Gerencia de Desarrollo Territorial e Infraestructura
Programa de gobierno abierto,Alcaldia
Solicito información de mis documentos,Oficina General de Atención al Ciudadano y Gestión Documental
Solicito recibo de arbitrios,Gerencia de Desarrollo Económico y Administración Tributaria
Absolución de queja ante la contraloría,Oficina General de Asesoría Jurídica
Inventario de activos fijos,Oficina General de Administración
Plan estratégico institucional,Oficina General de Planeamiento y Presupuesto
Programa de formalización de empresas,Gerencia de Desarrollo Económico y Administración Tributaria
Reconocimiento a ciudadano distinguido,Alcaldia
Mantenimiento de cementerio,Gerencia de Servicios Municipales y Gestión Ambiental
Vacunación canina,Gerencia de Desarrollo Social
Rendición de gastos de viaje,Oficina General de Administración
Solicitud de adicional de obra,Oficina General de Planeamiento y Presupuesto
Conformación de comisión ordinaria,Concejo Municipal
Comunicado oficial de alcaldía,Alcaldia
Revisión de expediente técnico,Gerencia de Desarrollo Territorial e Infraestructura
Evaluación de indicadores de gestión,Oficina General de Planeamiento y Presupuesto
Evaluación presupuestal trimestral,Oficina General de Planeamiento y Presupuesto
Instalación de contenedores de basura,Gerencia de Servicios Municipales y Gestión Ambiental
Monitoreo de proyectos,Oficina General de Planeamiento y Presupuesto
Solicitud de pasajes y viáticos,Oficina General de Administración
Inscripción a programa de adulto mayor,Gerencia de Desarrollo Social
Barrido de calles,Gerencia de Servicios Municipales y Gestión Ambiental
Licencia de construcción,Gerencia de Desarrollo Territorial e Infraestructura
Certificado de parámetros urbanísticos,Gerencia de Desarrollo Territorial e Infraestructura
Convocatoria a sesión de concejo,Concejo Municipal
Declaración de sesión reservada,Concejo Municipal
Inspección de comercio informal,Gerencia de Desarrollo Económico y Administración Tributaria
Solicitud de licencia comercial,Gerencia Municipal
Visto bueno de planos,Gerencia de Desarrollo Territorial e Infraestructura
Permiso para terraza,Gerencia Municipal
Licencia temporal,Gerencia Municipal
Permiso de demolición,Gerencia de Desarrollo Territorial e Infraestructura
Informe de fiscalización,Concejo Municipal
Solicitud de informe de comisión,Concejo Municipal
Proyecto de desarrollo comunal,Gerencia de Desarrollo del Pueblo Asháninka
Declaratoria de viabilidad,Oficina General de Planeamiento y Presupuesto
Solicitud de declaración de emergencia,Alcaldia
Programa de gobierno abierto,Alcaldia
Consulta de requisitos,Gerencia Municipal
Aprobación de presupuesto anual,Concejo Municipal
Barrido de calles,Gerencia de Servicios Municipales y Gestión Ambiental
Mantenimiento de areas verdes,Gerencia de Servicios Municipales y Gestión Ambiental
Solicitud de modificación presupuestal,Oficina General de Planeamiento y Presupuesto
Autorización de rotulo,Gerencia Municipal
Servicio de fotocopiado,Oficina General de Administración
Programa de gobierno abierto,Alcaldia
Plan de desarrollo concertado,Oficina General de Planeamiento y Presupuesto
Solicitud de factibilidad de servicios,Gerencia de Desarrollo Territorial e Infraestructura
Preservación de lengua materna,Gerencia de Desarrollo del Pueblo Asháninka
Declaración jurada,Oficina General de Atención al Ciudadano y Gestión Documental
Comedor popular,Gerencia de Desarrollo Social
Baja de bienes muebles,Oficina General de Administración
Solicitud de mesa de partes virtual,Oficina General de Atención al Ciudadano y Gestión Documental
Barrido de calles,Gerencia de Servicios Municipales y Gestión Ambiental
Proceso de selección de personal CAS,Oficina General de Administración
Solicitud de partida de nacimiento,Oficina General de Atención al Ciudadano y Gestión Documental
Campaña de educación ciudadana,Alcaldia
Cambio de giro comercial,Gerencia Municipal
Fiscalización de actos administrativos,Oficina General de Asesoría Jurídica
Apoyo para persona con discapacidad,Gerencia de Desarrollo Social
Apoyo para persona con discapacidad,Gerencia de Desarrollo Social
Duplicado de licencia,Gerencia Municipal
Condonación de intereses moratorios,Gerencia de Desarrollo Económico y Administración Tributaria
Feria de productos nativos,Gerencia de Desarrollo del Pueblo Asháninka
Conexión de agua y desagüe,Gerencia de Desarrollo Territorial e Infraestructura
Donación de bienes municipales,Alcaldia
Registro de solicitudes,Oficina General de Atención al Ciudadano y Gestión Documental
Reporte de quema de basura,Gerencia de Servicios Municipales y Gestión Ambiental
Preservación de lengua materna,Gerencia de Desarrollo del Pueblo Asháninka
Feria de productos nativos,Gerencia de Desarrollo del Pueblo Asháninka
Ventanilla de atención al publico,Oficina General de Atención al Ciudadano y Gestión Documental
Atención al ciudadano,Oficina General de Atención al Ciudadano y Gestión Documental
Taller de capacitación juvenil,Gerencia de Desarrollo Social
Carta de invitación a ceremonia,Alcaldia
Proyecto de reglamento interno,Concejo Municipal
Registro de saberes ancestrales,Gerencia de Desarrollo del Pueblo Asháninka
Recojo de residuos sólidos,Gerencia de Servicios Municipales y Gestión Ambiental
Licencia de funcionamiento renovación,Gerencia de Desarrollo Económico y Administración Tributaria
Programa de becas interculturales,Gerencia de Desarrollo del Pueblo Asháninka
Revisión de convenio interinstitucional,Oficina General de Asesoría Jurídica
Adquisición de bienes municipales,Oficina General de Administración
Mantenimiento de equipos informáticos,Oficina General de Administración
Solicitud de silla de ruedas,Gerencia de Desarrollo Social
Quiero presentar un documento,Oficina General de Atención al Ciudadano y Gestión Documental
Decreto de alcaldía,Alcaldia
Resolución de nulidad de oficio,Oficina General de Asesoría Jurídica
Propuesta de acuerdo de concejo,Concejo Municipal
Registro de saberes ancestrales,Gerencia de Desarrollo del Pueblo Asháninka
Necesito permiso para mi restaurante,Gerencia Municipal
Resolución de habilitación urbana,Gerencia de Desarrollo Territorial e Infraestructura
Proyecto de reglamento interno,Concejo Municipal
Construcción de losa deportiva,Gerencia de Desarrollo Territorial e Infraestructura
Vaso de leche,Gerencia de Desarrollo Social
Contrato de servicio de vigilancia,Oficina General de Administración
Solicitud de medico intercultural,Gerencia de Desarrollo del Pueblo Asháninka
Contratación de servicio de limpieza,Oficina General de Administración
Duplicado de licencia,Gerencia Municipal
Solicitud de amnistía tributaria,Gerencia de Desarrollo Económico y Administración Tributaria
Solicitud de silla de ruedas,Gerencia de Desarrollo Social
Cobranza de deuda tributaria,Gerencia de Desarrollo Económico y Administración Tributaria
Manejo de residuos peligrosos,Gerencia de Servicios Municipales y Gestión Ambiental
Solicitud de certificado domiciliario,Oficina General de Atención al Ciudadano y Gestión Documental
Acta de sesión extraordinaria,Concejo Municipal
Conformidad de servicio prestado,Oficina General de Administración
Reposición de bienes patrimoniales,Oficina General de Administración
Donde dejo mi solicitud,Oficina General de Atención al Ciudadano y Gestión Documental
Construcción de vereda,Gerencia de Desarrollo Territorial e Infraestructura
Refugio para personas en situación de calle,Gerencia de Desarrollo Social
Defensoría del niño y adolescente,Gerencia de Desarrollo Social
Saneamiento de comunidad,Gerencia de Desarrollo del Pueblo Asháninka
Apoyo a artesanía asháninka,Gerencia de Desarrollo del Pueblo Asháninka
Proyecto de reglamento interno,Concejo Municipal
Perfil de proyecto de inversión,Oficina General de Planeamiento y Presupuesto
Bono familiar universal,Gerencia de Desarrollo Social
Baja de bienes muebles,Oficina General de Administración
Plan estratégico institucional,Oficina General de Planeamiento y Presupuesto
Reconocimiento a ciudadano distinguido,Alcaldia
Autorización para evento deportivo,Gerencia Municipal
Reconocimiento de comunidad campesina,Gerencia de Desarrollo del Pueblo Asháninka
Condonación de intereses moratorios,Gerencia de Desarrollo Económico y Administración Tributaria
Solicitud de licencia de regidor,Concejo Municipal
Solicitud de audiencia con el alcalde,Alcaldia
Alquiler de local municipal,Oficina General de Administración
Refugio para personas en situación de calle,Gerencia de Desarrollo Social
Mantenimiento de pistas y veredas,Gerencia de Desarrollo Territorial e Infraestructura
Conformación de comisión ordinaria,Concejo Municipal
Reclamo de arbitrios municipales,Gerencia de Desarrollo Económico y Administración Tributaria
Feria de productos nativos,Gerencia de Desarrollo del Pueblo Asháninka
Formalización de comerciante ambulante,Gerencia de Desarrollo Económico y Administración Tributaria
Supervisión de obra municipal,Gerencia de Desarrollo Territorial e Infraestructura
Solicitud de licencia comercial,Gerencia Municipal
Mi licencia esta por vencer,Gerencia Municipal
Certificado de domicilio,Oficina General de Atención al Ciudadano y Gestión Documental
Rendición de gastos de viaje,Oficina General de Administración
Monitoreo de proyectos,Oficina General de Planeamiento y Presupuesto
Permiso para vender en la calle,Gerencia Municipal
Asignación de recursos por resultados,Oficina General de Planeamiento y Presupuesto
Solicitud de medico intercultural,Gerencia de Desarrollo del Pueblo Asháninka
Como hago el seguimiento de mi tramite,Oficina General de Atención al Ciudadano y Gestión Documental
Saludo protocolar por aniversario,Alcaldia
Registro de comunidad nativa,Gerencia de Desarrollo del Pueblo Asháninka
Consulta sobre estado de tramite,Oficina General de Atención al Ciudadano y Gestión Documental
Convocatoria a sesión de concejo,Concejo Municipal
Construcción de vereda,Gerencia de Desarrollo Territorial e Infraestructura
Rehabilitación de parque,Gerencia de Desarrollo Territorial e Infraestructura
Conciliación extrajudicial,Oficina General de Asesoría Jurídica
Recurso de apelación administrativa,Oficina General de Asesoría Jurídica
Educación ambiental,Gerencia de Servicios Municipales y Gestión Ambiental
Saludo protocolar por aniversario,Alcaldia
Permiso para cierre de calle,Gerencia Municipal
El parque esta sucio necesitan limpiarlo,Gerencia de Servicios Municipales y Gestión Ambiental
Mantenimiento de vehículos municipales,Oficina General de Administración
Presupuesto participativo,Oficina General de Planeamiento y Presupuesto
Solicitud de ordenanza municipal,Concejo Municipal
Mantenimiento de equipos informáticos,Oficina General de Administración
Propuesta de resolución de concejo,Concejo Municipal
Plan estratégico institucional,Oficina General de Planeamiento y Presupuesto
Reporte de quema de basura,Gerencia de Servicios Municipales y Gestión Ambiental
Permiso de demolición,Gerencia de Desarrollo Territorial e Infraestructura
Inventario de patrimonio cultural,Gerencia de Desarrollo del Pueblo Asháninka
Licencia de construcción,Gerencia Municipal
Recepción de obra,Gerencia de Desarrollo Territorial e Infraestructura
Supervisión de obra municipal,Gerencia de Desarrollo Territorial e Infraestructura
Inspección técnica de obra,Gerencia de Desarrollo Territorial e Infraestructura
Hoja de reclamo,Oficina General de Atención al Ciudadano y Gestión Documental
Programa de gobierno abierto,Alcaldia
Ventanilla de atención al publico,Oficina General de Atención al Ciudadano y Gestión Documental
Plan estratégico institucional,Oficina General de Planeamiento y Presupuesto
Certificado de domicilio,Oficina General de Atención al Ciudadano y Gestión Documental
Proyecto de desarrollo comunal,Gerencia de Desarrollo del Pueblo Asháninka
Alta de equipos informáticos,Oficina General de Administración
Inscripción a programa de adulto mayor,Gerencia de Desarrollo Social
Reporte de acumulación de basura,Gerencia de Servicios Municipales y Gestión Ambiental
Convocatoria a sesión de concejo,Concejo Municipal
Permiso de demolición,Gerencia de Desarrollo Territorial e Infraestructura
Inscripción a programa de adulto mayor,Gerencia de Desarrollo Social
Declaración jurada de impuestos,Gerencia de Desarrollo Económico y Administración Tributaria
Monitoreo de proyectos,Oficina General de Planeamiento y Presupuesto
Informe de fiscalización,Concejo Municipal
Aprobación de presupuesto anual,Concejo Municipal
Cargo de asistencia a sesión,Concejo Municipal
Campaña de prevención de violencia,Gerencia de Desarrollo Social
Solicitud de informe legal urgente,Oficina General de Asesoría Jurídica
Monitoreo de proyectos,Oficina General de Planeamiento y Presupuesto
Vacunación canina,Gerencia de Desarrollo Social
Arbitraje municipal,Oficina General de Asesoría Jurídica
Declaratoria de viabilidad,Oficina General de Planeamiento y Presupuesto
Revisión de convenio interinstitucional,Oficina General de Asesoría Jurídica
Solicitud de licencia de regidor,Concejo Municipal
Propuesta de resolución de concejo,Concejo Municipal
Licencia de construcción,Gerencia Municipal
Feria de productos nativos,Gerencia de Desarrollo del Pueblo Asháninka
Cargo de asistencia a sesión,Concejo Municipal
Declaración jurada,Oficina General de Atención al Ciudadano y Gestión Documental
Solicitud de certificado domiciliario,Oficina General de Atención al Ciudadano y Gestión Documental
Permiso para terraza,Gerencia Municipal
Declaración de sesión reservada,Concejo Municipal
Fumigación de zonas,Gerencia de Servicios Municipales y Gestión Ambiental
Perfil de proyecto de inversión,Oficina General de Planeamiento y Presupuesto
Campaña de salud gratuita,Gerencia de Desarrollo Social
Quiero poner un cartel en mi local,Gerencia Municipal
Registro de saberes ancestrales,Gerencia de Desarrollo del Pueblo Asháninka
Inscripción a programa de adulto mayor,Gerencia de Desarrollo Social
Programa de gobierno abierto,Alcaldia
Monitoreo de calidad del aire,Gerencia de Servicios Municipales y Gestión Ambiental
Manejo de residuos peligrosos,Gerencia de Servicios Municipales y Gestión Ambiental
Proyecto de desarrollo comunal,Gerencia de Desarrollo del Pueblo Asháninka
Solicitud de declaración de emergencia,Alcaldia
Informe de ejecución presupuestal,Oficina General de Planeamiento y Presupuesto
Solicitud de audiencia con el alcalde,Alcaldia
Reconocimiento de comunidad campesina,Gerencia de Desarrollo del Pueblo Asháninka
Solicitud de asfaltado de calle,Gerencia de Desarrollo Territorial e Infraestructura
Registro de saberes ancestrales,Gerencia de Desarrollo del Pueblo Asháninka
Registro de comunidad nativa,Gerencia de Desarrollo del Pueblo Asháninka
Informe de fiscalización,Concejo Municipal
Declaración jurada de impuestos,Gerencia de Desarrollo Económico y Administración Tributaria
Consulta sobre estado de tramite,Oficina General de Atención al Ciudadano y Gestión Documental
Fiscalización de actividad comercial,Gerencia de Desarrollo Económico y Administración Tributaria
Perfil de proyecto de inversión,Oficina General de Planeamiento y Presupuesto
Solicitud de audiencia con el alcalde,Alcaldia
Declaración de sesión reservada,Concejo Municipal
Monitoreo de proyectos,Oficina General de Planeamiento y Presupuesto
Programación de inversiones,Oficina General de Planeamiento y Presupuesto
Verificación de padrón de contribuyentes,Gerencia de Desarrollo Económico y Administración Tributaria
Solicitud de adicional de obra,Oficina General de Planeamiento y Presupuesto
Padrón de contribuyentes,Gerencia de Desarrollo Económico y Administración Tributaria
Refugio para personas en situación de calle,Gerencia de Desarrollo Social
Certificación de crédito presupuestario,Oficina General de Planeamiento y Presupuesto
Informe de cumplimiento de metas,Oficina General de Planeamiento y Presupuesto
Reposición de bienes patrimoniales,Oficina General de Administración
Pronunciamiento jurídico sobre ordenanza,Oficina General de Asesoría Jurídica
Inscripción a programa de adulto mayor,Gerencia de Desarrollo Social
Programación de metas presupuestales,Oficina General de Planeamiento y Presupuesto
Solicitud de programa social,Gerencia de Desarrollo Social
Arbitraje municipal,Oficina General de Asesoría Jurídica
Conformidad de servicio prestado,Oficina General de Administración
Contrato de servicio de vigilancia,Oficina General de Administración
Revaluación de predio,Gerencia de Desarrollo Económico y Administración Tributaria
Titulación de territorio comunal,Gerencia de Desarrollo del Pueblo Asháninka
Orden de compra menor,Oficina General de Administración
Conformidad de servicio prestado,Oficina General de Administración
Solicitud de informe de comisión,Concejo Municipal
Construcción de vereda,Gerencia de Desarrollo Territorial e Infraestructura
Acción de amparo,Oficina General de Asesoría Jurídica
Registro de comunidad nativa,Gerencia de Desarrollo del Pueblo Asháninka
Licencia de construcción,Gerencia Municipal
Feria dominical de productores,Gerencia de Desarrollo Económico y Administración Tributaria
Pago de impuesto predial,Gerencia de Desarrollo Económico y Administración Tributaria
Campaña de salud gratuita,Gerencia de Desarrollo Social
Resolución de alcaldía,Alcaldia
Inspección de comercio informal,Gerencia de Desarrollo Económico y Administración Tributaria
Permiso para feria,Gerencia Municipal
Regularización de edificación,Gerencia de Desarrollo Territorial e Infraestructura
Defensoría del niño y adolescente,Gerencia de Desarrollo Social
Contrato de servicio de vigilancia,Oficina General de Administración
Baja de bienes muebles,Oficina General de Administración
Feria dominical de productores,Gerencia de Desarrollo Económico y Administración Tributaria
Solicitud de pensión por discapacidad,Gerencia de Desarrollo Social
Solicitud de licencia comercial,Gerencia Municipal
Recepción de documentos,Oficina General de Atención al Ciudadano y Gestión Documental
Programa de becas interculturales,Gerencia de Desarrollo del Pueblo Asháninka
Mi licencia esta por vencer,Gerencia Municipal
Estudio de preinversión,Oficina General de Planeamiento y Presupuesto
Defensoría del niño y adolescente,Gerencia de Desarrollo Social
Solicitud de audiencia con el alcalde,Alcaldia
Cese de funcionamiento,Gerencia Municipal
Programa de formalización de empresas,Gerencia de Desarrollo Económico y Administración Tributaria
Programa de alimentación escolar,Gerencia de Desarrollo Social
Solicito recibo de arbitrios,Gerencia de Desarrollo Económico y Administración Tributaria
Reconocimiento a ciudadano distinguido,Alcaldia
Limpieza de mercados,Gerencia de Servicios Municipales y Gestión Ambiental
Proyecto de desarrollo comunal,Gerencia de Desarrollo del Pueblo Asháninka
Consulta previa de proyecto,Gerencia de Desarrollo del Pueblo Asháninka
Fiscalización ambiental,Gerencia de Servicios Municipales y Gestión Ambiental
Proceso de selección de personal CAS,Oficina General de Administración
Monitoreo de calidad del aire,Gerencia de Servicios Municipales y Gestión Ambiental
Evaluación presupuestal trimestral,Oficina General de Planeamiento y Presupuesto
Campaña de educación ciudadana,Alcaldia
Construcción de vereda,Gerencia de Desarrollo Territorial e Infraestructura
Solicitud de permiso municipal,Gerencia Municipal
Hoja de reclamo,Oficina General de Atención al Ciudadano y Gestión Documental
Emisión de recibo de pago,Gerencia de Desarrollo Económico y Administración Tributaria
Defensoría del niño y adolescente,Gerencia de Desarrollo Social
Recojo de residuos sólidos,Gerencia de Servicios Municipales y Gestión Ambiental
Quiero poner un cartel en mi local,Gerencia Municipal
Vacunación canina,Gerencia de Desarrollo Social
Pronunciamiento jurídico sobre ordenanza,Oficina General de Asesoría Jurídica
Donde dejo mi solicitud,Oficina General de Atención al Ciudadano y Gestión Documental
Reconocimiento de comunidad campesina,Gerencia de Desarrollo del Pueblo Asháninka
Licencia temporal,Gerencia Municipal
Solicitud de traducción de documentos,Gerencia de Desarrollo del Pueblo Asháninka
Apoyo a artesanía asháninka,Gerencia de Desarrollo del Pueblo Asháninka
Instalación de red de alumbrado,Gerencia de Desarrollo Territorial e Infraestructura
Plan de desarrollo concertado,Oficina General de Planeamiento y Presupuesto
Solicitud de certificado domiciliario,Oficina General de Atención al Ciudadano y Gestión Documental
Plan operativo institucional,Oficina General de Planeamiento y Presupuesto
Proceso de selección de personal CAS,Oficina General de Administración
Atención al ciudadano,Oficina General de Atención al Ciudadano y Gestión Documental
Programación de inversiones,Oficina General de Planeamiento y Presupuesto
Manejo de residuos peligrosos,Gerencia de Servicios Municipales y Gestión Ambiental
Reclamo de arbitrios municipales,Gerencia de Desarrollo Económico y Administración Tributaria
Revalidación de permiso,Gerencia Municipal
Conformidad de servicio prestado,Oficina General de Administración
Pago de servicio de agua y luz,Oficina General de Administración
Solicitud de informe legal urgente,Oficina General de Asesoría Jurídica
Programa intercultural bilingüe,Gerencia de Desarrollo del Pueblo Asháninka
Orden de compra menor,Oficina General de Administración
Apoyo a artesanía asháninka,Gerencia de Desarrollo del Pueblo Asháninka
Decreto de alcaldía,Alcaldia
Solicitud de informe legal urgente,Oficina General de Asesoría Jurídica
Programa de gobierno abierto,Alcaldia
Aprobación de presupuesto anual,Concejo Municipal
Emprendimiento juvenil,Gerencia de Desarrollo Económico y Administración Tributaria
Plan operativo institucional,Oficina General de Planeamiento y Presupuesto
Permiso para vender en la calle,Gerencia Municipal
Como renuevo mi licencia,Gerencia Municipal
Defensoría del niño y adolescente,Gerencia de Desarrollo Social
Moción de orden del día,Concejo Municipal
Solicitud de traducción de documentos,Gerencia de Desarrollo del Pueblo Asháninka
Licencia temporal,Gerencia Municipal
Campaña de prevención de violencia,Gerencia de Desarrollo Social
Condonación de intereses moratorios,Gerencia de Desarrollo Económico y Administración Tributaria
Propuesta de resolución de concejo,Concejo Municipal
Titulación de territorio comunal,Gerencia de Desarrollo del Pueblo Asháninka
Proyecto de reglamento interno,Concejo Municipal
Monitoreo de proyectos,Oficina General de Planeamiento y Presupuesto
Fiscalización ambiental,Gerencia de Servicios Municipales y Gestión Ambiental
Revisión de contrato de obra,Oficina General de Asesoría Jurídica
Saneamiento de comunidad,Gerencia de Desarrollo del Pueblo Asháninka
Cuna mas,Gerencia de Desarrollo Social
Hay basura acumulada en mi calle,Gerencia de Servicios Municipales y Gestión Ambiental
Solicitud de silla de ruedas,Gerencia de Desarrollo Social
Bono familiar universal,Gerencia de Desarrollo Social
Necesito mi certificado de domicilio,Oficina General de Atención al Ciudadano y Gestión Documental
Bono familiar universal,Gerencia de Desarrollo Social
Programa de formalización de empresas,Gerencia de Desarrollo Económico y Administración Tributaria
Solicitud de declaración de emergencia,Alcaldia
Permiso para espectaculo,Gerencia Municipal
Instalación de red de alumbrado,Gerencia de Desarrollo Territorial e Infraestructura
Permiso para vender en la calle,Gerencia Municipal
Programa intercultural bilingüe,Gerencia de Desarrollo del Pueblo Asháninka
Proyecto de resolución legal,Oficina General de Asesoría Jurídica
Informe de cumplimiento de metas,Oficina General de Planeamiento y Presupuesto
Informe de ejecución presupuestal,Oficina General de Planeamiento y Presupuesto
Comunicado oficial de alcaldía,Alcaldia
Feria dominical de productores,Gerencia de Desarrollo Económico y Administración Tributaria
Solicitud de padrón de beneficiarios,Alcaldia
Cobranza coactiva de deudas,Oficina General de Asesoría Jurídica
Inscripción a programa de adulto mayor,Gerencia de Desarrollo Social
Solicitud de modificación presupuestal,Oficina General de Planeamiento y Presupuesto
Vacunación canina,Gerencia de Desarrollo Social
Solicitud de informe legal urgente,Oficina General de Asesoría Jurídica
Conformación de comisión ordinaria,Concejo Municipal
Solicitud de factibilidad de servicios,Gerencia de Desarrollo Territorial e Infraestructura
Perfil de proyecto de inversión,Oficina General de Planeamiento y Presupuesto
Mantenimiento de cementerio,Gerencia de Servicios Municipales y Gestión Ambiental
Saludo protocolar por aniversario,Alcaldia
Conformidad de servicio prestado,Oficina General de Administración
Revisión de contrato de obra,Oficina General de Asesoría Jurídica
Solicitud de licencia comercial,Gerencia Municipal
Orientación sobre trámites,Oficina General de Atención al Ciudadano y Gestión Documental
Cobranza de deuda tributaria,Gerencia de Desarrollo Económico y Administración Tributaria
Solicitud de licencia comercial,Gerencia Municipal
Solicitud de mesa de partes virtual,Oficina General de Atención al Ciudadano y Gestión Documental
Reporte de avance físico y financiero,Oficina General de Planeamiento y Presupuesto
Solicitud de certificado domiciliario,Oficina General de Atención al Ciudadano y Gestión Documental
Compra de uniformes para personal,Oficina General de Administración
Bono de vivienda rural,Gerencia de Desarrollo Social
Atención al ciudadano,Oficina General de Atención al Ciudadano y Gestión Documental
Titulación de territorio comunal,Gerencia de Desarrollo del Pueblo Asháninka
Solicitud de licencia de regidor,Concejo Municipal
Moción de orden del día,Concejo Municipal
Aprobación de presupuesto anual,Concejo Municipal
Recurso de apelación administrativa,Oficina General de Asesoría Jurídica
Permiso para evento publico,Gerencia Municipal
Mantenimiento de pistas y veredas,Gerencia de Desarrollo Territorial e Infraestructura
Ventanilla de atención al publico,Oficina General de Atención al Ciudadano y Gestión Documental
Certificado de domicilio,Oficina General de Atención al Ciudadano y Gestión Documental
Titulación de territorio comunal,Gerencia de Desarrollo del Pueblo Asháninka
Inventario de activos fijos,Oficina General de Administración
Nombramiento de funcionario,Alcaldia
Autorización para evento deportivo,Gerencia Municipal
Pago de servicio de agua y luz,Oficina General de Administración
Pago de impuesto predial,Gerencia de Desarrollo Económico y Administración Tributaria
Solicitud de ordenanza municipal,Concejo Municipal
Consulta de requisitos,Gerencia Municipal
Presentación de documentos,Oficina General de Atención al Ciudadano y Gestión Documental
Orientación sobre trámites,Oficina General de Atención al Ciudadano y Gestión Documental
Proceso de selección de personal CAS,Oficina General de Administración
Opinión legal sobre licitación,Oficina General de Asesoría Jurídica
Registro de saberes ancestrales,Gerencia de Desarrollo del Pueblo Asháninka
Evaluación presupuestal trimestral,Oficina General de Planeamiento y Presupuesto
Cargo de asistencia a sesión,Concejo Municipal
Titulación de territorio comunal,Gerencia de Desarrollo del Pueblo Asháninka
Informe de fiscalización,Concejo Municipal
Apoyo a artesanía asháninka,Gerencia de Desarrollo del Pueblo Asháninka
Moción de orden del día,Concejo Municipal
Proyecto de desarrollo comunal,Gerencia de Desarrollo del Pueblo Asháninka
Cuna mas,Gerencia de Desarrollo Social
Evaluación presupuestal trimestral,Oficina General de Planeamiento y Presupuesto
Solicitud de informe legal urgente,Oficina General de Asesoría Jurídica
Solicitud de declaración de emergencia,Alcaldia
Comunicado oficial de alcaldía,Alcaldia
Absolución de queja ante la contraloría,Oficina General de Asesoría Jurídica
Regularización de edificación,Gerencia de Desarrollo Territorial e Infraestructura
Declaratoria de viabilidad,Oficina General de Planeamiento y Presupuesto
Solicitud de licencia de regidor,Concejo Municipal
Educación ambiental,Gerencia de Servicios Municipales y Gestión Ambiental
Decreto de alcaldía,Alcaldia
Licencia de construcción,Gerencia de Desarrollo Territorial e Infraestructura
Cuna mas,Gerencia de Desarrollo Social
Reconocimiento de comunidad campesina,Gerencia de Desarrollo del Pueblo Asháninka
Condonación de intereses moratorios,Gerencia de Desarrollo Económico y Administración Tributaria
Permiso para vender en la calle,Gerencia Municipal
Conciliación extrajudicial,Oficina General de Asesoría Jurídica
Servicio de fotocopiado,Oficina General de Administración
Fraccionamiento de deuda,Gerencia de Desarrollo Económico y Administración Tributaria
Titulación de territorio comunal,Gerencia de Desarrollo del Pueblo Asháninka
Acta de sesión extraordinaria,Concejo Municipal
Proyecto de reglamento interno,Concejo Municipal
Preservación de lengua materna,Gerencia de Desarrollo del Pueblo Asháninka
Nombramiento de funcionario,Alcaldia
Resolución de habilitación urbana,Gerencia de Desarrollo Territorial e Infraestructura
Decreto de alcaldía,Alcaldia
Barrido de calles,Gerencia de Servicios Municipales y Gestión Ambiental
Inventario de patrimonio cultural,Gerencia de Desarrollo del Pueblo Asháninka
Saludo protocolar por aniversario,Alcaldia
Cargo de asistencia a sesión,Concejo Municipal
Campaña de salud gratuita,Gerencia de Desarrollo Social
Consulta sobre estado de tramite,Oficina General de Atención al Ciudadano y Gestión Documental
Solicitud de declaración de emergencia,Alcaldia
Mantenimiento de pistas y veredas,Gerencia de Desarrollo Territorial e Infraestructura
Revalidación de permiso,Gerencia Municipal
Pago de impuesto predial,Gerencia de Desarrollo Económico y Administración Tributaria
Refugio para personas en situación de calle,Gerencia de Desarrollo Social
Atención al ciudadano,Oficina General de Atención al Ciudadano y Gestión Documental
Evaluación de indicadores de gestión,Oficina General de Planeamiento y Presupuesto
Recepción de obra,Gerencia de Desarrollo Territorial e Infraestructura
Condonación de intereses moratorios,Gerencia de Desarrollo Económico y Administración Tributaria
Cargo de asistencia a sesión,Concejo Municipal
Consulta previa de proyecto,Gerencia de Desarrollo del Pueblo Asháninka
Reconocimiento a ciudadano distinguido,Alcaldia
Quiero poner un cartel en mi local,Gerencia Municipal
Campaña de reciclaje,Gerencia de Servicios Municipales y Gestión Ambiental
Solicitud de medico intercultural,Gerencia de Desarrollo del Pueblo Asháninka
Solicitud de declaración de emergencia,Alcaldia
Conformidad de servicio prestado,Oficina General de Administración
Permiso de demolición,Gerencia de Desarrollo Territorial e Infraestructura
Plan de desarrollo concertado,Oficina General de Planeamiento y Presupuesto
Informe de cumplimiento de metas,Oficina General de Planeamiento y Presupuesto
Conformación de comisión ordinaria,Concejo Municipal
Solicitud de material de oficina,Oficina General de Administración
Certificado de domicilio,Oficina General de Atención al Ciudadano y Gestión Documental
Solicito recibo de arbitrios,Gerencia de Desarrollo Económico y Administración Tributaria
Condonación de intereses moratorios,Gerencia de Desarrollo Económico y Administración Tributaria
Presupuesto participativo,Oficina General de Planeamiento y Presupuesto
Plan estratégico institucional,Oficina General de Planeamiento y Presupuesto
Solicitud de adicional de obra,Oficina General de Planeamiento y Presupuesto
Conformación de comisión ordinaria,Concejo Municipal
Inventario de patrimonio cultural,Gerencia de Desarrollo del Pueblo Asháninka
Verificación de padrón de contribuyentes,Gerencia de Desarrollo Económico y Administración Tributaria
Declaración de feriado local,Alcaldia
Reporte de avance físico y financiero,Oficina General de Planeamiento y Presupuesto
Informe de ejecución presupuestal,Oficina General de Planeamiento y Presupuesto
Solicitud de programa social,Gerencia de Desarrollo Social
Pago de impuesto predial,Gerencia de Desarrollo Económico y Administración Tributaria
Comedor popular,Gerencia de Desarrollo Social
Plan de desarrollo concertado,Oficina General de Planeamiento y Presupuesto
Consulta previa de proyecto,Gerencia de Desarrollo del Pueblo Asháninka
Comunicado oficial de alcaldía,Alcaldia
Verificación de padrón de contribuyentes,Gerencia de Desarrollo Económico y Administración Tributaria
Solicitud de padrón de beneficiarios,Alcaldia
Demanda contra la municipalidad,Oficina General de Asesoría Jurídica
Promoción de mypes,Gerencia de Desarrollo Económico y Administración Tributaria
Nombramiento de funcionario,Alcaldia
Barrido de calles,Gerencia de Servicios Municipales y Gestión Ambiental
Aprobación de presupuesto anual,Concejo Municipal
Autorización para evento deportivo,Gerencia Municipal
Licencia de funcionamiento renovación,Gerencia de Desarrollo Económico y Administración Tributaria
Visto bueno de planos,Gerencia de Desarrollo Territorial e Infraestructura
Consulta sobre estado de tramite,Oficina General de Atención al Ciudadano y Gestión Documental
Consulta previa de proyecto,Gerencia de Desarrollo del Pueblo Asháninka
Solicitud de traducción de documentos,Gerencia de Desarrollo del Pueblo Asháninka
Adquisición de combustible,Oficina General de Administración
Plan operativo institucional,Oficina General de Planeamiento y Presupuesto
Solicitud de intérprete,Gerencia de Desarrollo del Pueblo Asháninka
Mantenimiento de areas verdes,Gerencia de Servicios Municipales y Gestión Ambiental
En que estado esta mi expediente,Oficina General de Atención al Ciudadano y Gestión Documental
Consulta de requisitos,Gerencia Municipal
Opinión legal sobre licitación,Oficina General de Asesoría Jurídica
Alta de equipos informáticos,Oficina General de Administración
Solicitud de traducción de documentos,Gerencia de Desarrollo del Pueblo Asháninka
Permiso para espectaculo,Gerencia Municipal
Emisión de recibo de pago,Gerencia de Desarrollo Económico y Administración Tributaria
Solicitud de pasajes y viáticos,Oficina General de Administración
Programa de becas interculturales,Gerencia de Desarrollo del Pueblo Asháninka
Construcción de vereda,Gerencia de Desarrollo Territorial e Infraestructura
Cese de funcionamiento,Gerencia Municipal
Solicito información de mis documentos,Oficina General de Atención al Ciudadano y Gestión Documental
Plan de desarrollo concertado,Oficina General de Planeamiento y Presupuesto
Proyecto de reglamento interno,Concejo Municipal
Solicitud de modificación presupuestal,Oficina General de Planeamiento y Presupuesto
Autorización de publicidad,Gerencia Municipal
Rendición de gastos de viaje,Oficina General de Administración
Informe de fiscalización,Concejo Municipal
Registro de saberes ancestrales,Gerencia de Desarrollo del Pueblo Asháninka
Solicitud de amnistía tributaria,Gerencia de Desarrollo Económico y Administración Tributaria
Recepción de obra,Gerencia de Desarrollo Territorial e Infraestructura
Aprobación de presupuesto anual,Concejo Municipal
Proyecto de reglamento interno,Concejo Municipal
Vacunación canina,Gerencia de Desarrollo Social
Orden de compra menor,Oficina General de Administración
Construcción de losa deportiva,Gerencia de Desarrollo Territorial e Infraestructura
Solicitud de pasajes y viáticos,Oficina General de Administración
Constitución de comité de selección,Oficina General de Asesoría Jurídica
Solicitud de programa social,Gerencia de Desarrollo Social
En que estado esta mi expediente,Oficina General de Atención al Ciudadano y Gestión Documental
Cargo de asistencia a sesión,Concejo Municipal
Orientación sobre trámites,Oficina General de Atención al Ciudadano y Gestión Documental
Revaluación de predio,Gerencia de Desarrollo Económico y Administración Tributaria
Emisión de recibo de pago,Gerencia de Desarrollo Económico y Administración Tributaria
Atención al ciudadano,Oficina General de Atención al Ciudadano y Gestión Documental
Feria de productos nativos,Gerencia de Desarrollo del Pueblo Asháninka
Plan estratégico institucional,Oficina General de Planeamiento y Presupuesto
Bono familiar universal,Gerencia de Desarrollo Social
Denuncia por infracción municipal,Oficina General de Asesoría Jurídica
Emprendimiento juvenil,Gerencia de Desarrollo Económico y Administración Tributaria
Solicitud de partida de nacimiento,Oficina General de Atención al Ciudadano y Gestión Documental
Verificación de padrón de contribuyentes,Gerencia de Desarrollo Económico y Administración Tributaria
Titulación de territorio comunal,Gerencia de Desarrollo del Pueblo Asháninka
Solicitud de intérprete,Gerencia de Desarrollo del Pueblo Asháninka
Quiero abrir un negocio,Gerencia Municipal
Apoyo a artesanía asháninka,Gerencia de Desarrollo del Pueblo Asháninka
Arbitraje municipal,Oficina General de Asesoría Jurídica
Solicitud de padrón de beneficiarios,Alcaldia
Pago de servicio de agua y luz,Oficina General de Administración
Servicio de serenazgo,Gerencia de Servicios Municipales y Gestión Ambiental
Atención al ciudadano,Oficina General de Atención al Ciudadano y Gestión Documental
Emprendimiento juvenil,Gerencia de Desarrollo Económico y Administración Tributaria
Perfil de proyecto de inversión,Oficina General de Planeamiento y Presupuesto
Presentación de documentos,Oficina General de Atención al Ciudadano y Gestión Documental
Conformación de comisión ordinaria,Concejo Municipal
Necesito mi certificado de domicilio,Oficina General de Atención al Ciudadano y Gestión Documental
Solicitud de ordenanza municipal,Concejo Municipal
Club de madres,Gerencia de Desarrollo Social
Fiscalización de actividad comercial,Gerencia de Desarrollo Económico y Administración Tributaria
Conformidad de servicio prestado,Oficina General de Administración
Reclamo de arbitrios municipales,Gerencia de Desarrollo Económico y Administración Tributaria
Servicio de serenazgo,Gerencia de Servicios Municipales y Gestión Ambiental
Solicitud de adicional de obra,Oficina General de Planeamiento y Presupuesto
Cargo de asistencia a sesión,Concejo Municipal
Campaña de salud gratuita,Gerencia de Desarrollo Social
Reconocimiento de comunidad campesina,Gerencia de Desarrollo del Pueblo Asháninka
Orientación sobre trámites,Oficina General de Atención al Ciudadano y Gestión Documental
Baja de bienes muebles,Oficina General de Administración
Consulta previa de proyecto,Gerencia de Desarrollo del Pueblo Asháninka
Necesito permiso para mi restaurante,Gerencia Municipal
Solicitud de licencia de regidor,Concejo Municipal
Inscripción a programa de adulto mayor,Gerencia de Desarrollo Social
Declaración de sesión reservada,Concejo Municipal
Saludo protocolar por aniversario,Alcaldia
Fiscalización de actividad comercial,Gerencia de Desarrollo Económico y Administración Tributaria
Programa de gobierno abierto,Alcaldia
Dictamen de comisión,Concejo Municipal
Permiso para feria,Gerencia Municipal
Decreto de alcaldía,Alcaldia
Construcción de losa deportiva,Gerencia de Desarrollo Territorial e Infraestructura
Cargo de asistencia a sesión,Concejo Municipal
Convocatoria a sesión de concejo,Concejo Municipal
Padrón de contribuyentes,Gerencia de Desarrollo Económico y Administración Tributaria
Reforestación urbana,Gerencia de Servicios Municipales y Gestión Ambiental
Autorización para evento deportivo,Gerencia Municipal
Mantenimiento de vehículos municipales,Oficina General de Administración
Constitución de comité de selección,Oficina General de Asesoría Jurídica
Conexión de agua y desagüe,Gerencia de Desarrollo Territorial e Infraestructura
Solicitud de intérprete,Gerencia de Desarrollo del Pueblo Asháninka
Cambio de giro comercial,Gerencia Municipal
Monitoreo de calidad del aire,Gerencia de Servicios Municipales y Gestión Ambiental
Reposición de bienes patrimoniales,Oficina General de Administración
Defensa en proceso judicial,Oficina General de Asesoría Jurídica
Baja de bienes muebles,Oficina General de Administración
Solicitud de ordenanza municipal,Concejo Municipal
Orientación sobre trámites,Oficina General de Atención al Ciudadano y Gestión Documental
Aprobación de presupuesto anual,Concejo Municipal
Declaración de sesión reservada,Concejo Municipal
Solicitud de pensión por discapacidad,Gerencia de Desarrollo Social
Opinión legal sobre licitación,Oficina General de Asesoría Jurídica
Permiso para vender en la calle,Gerencia Municipal
Adquisición de combustible,Oficina General de Administración
Revisión de contrato de obra,Oficina General de Asesoría Jurídica
Revalidación de permiso,Gerencia Municipal
Moción de orden del día,Concejo Municipal
Reporte de acumulación de basura,Gerencia de Servicios Municipales y Gestión Ambiental
Comedor popular,Gerencia de Desarrollo Social
Revisión de expediente técnico,Gerencia de Desarrollo Territorial e Infraestructura
Alta de equipos informáticos,Oficina General de Administración
Solicitud de informe legal urgente,Oficina General de Asesoría Jurídica
Solicitud de informe de comisión,Concejo Municipal
Programa de gobierno abierto,Alcaldia
Licencia de construcción,Gerencia Municipal
Bono de vivienda rural,Gerencia de Desarrollo Social
Inventario de activos fijos,Oficina General de Administración
Permiso para feria,Gerencia Municipal
Campaña de prevención de violencia,Gerencia de Desarrollo Social
Cobranza de deuda tributaria,Gerencia de Desarrollo Económico y Administración Tributaria
Solicitud de silla de ruedas,Gerencia de Desarrollo Social
Informe de cumplimiento de metas,Oficina General de Planeamiento y Presupuesto
Mantenimiento de cementerio,Gerencia de Servicios Municipales y Gestión Ambiental
Solicitud de silla de ruedas,Gerencia de Desarrollo Social
Cobranza coactiva de deudas,Oficina General de Asesoría Jurídica
Recepción de documentos,Oficina General de Atención al Ciudadano y Gestión Documental
Ventanilla de atención al publico,Oficina General de Atención al Ciudadano y Gestión Documental
Rehabilitación de parque,Gerencia de Desarrollo Territorial e Infraestructura
Hay basura acumulada en mi calle,Gerencia de Servicios Municipales y Gestión Ambiental
Certificado de parámetros urbanísticos,Gerencia de Desarrollo Territorial e Infraestructura
Verificación de padrón de contribuyentes,Gerencia de Desarrollo Económico y Administración Tributaria
Consulta sobre estado de tramite,Oficina General de Atención al Ciudadano y Gestión Documental
Revisión de contrato de obra,Oficina General de Asesoría Jurídica
Presentación de documentos,Oficina General de Atención al Ciudadano y Gestión Documental
Decreto de alcaldía,Alcaldia
Certificado de parámetros urbanísticos,Gerencia de Desarrollo Territorial e Infraestructura
Alquiler de local municipal,Oficina General de Administración
Solicitud de audiencia con el alcalde,Alcaldia
Acción de amparo,Oficina General de Asesoría Jurídica
Feria de productos nativos,Gerencia de Desarrollo del Pueblo Asháninka
Construcción de vereda,Gerencia de Desarrollo Territorial e Infraestructura
Absolución de queja ante la contraloría,Oficina General de Asesoría Jurídica
Resolución de nulidad de oficio,Oficina General de Asesoría Jurídica
Licencia de construcción,Gerencia Municipal
Contrato de servicio de vigilancia,Oficina General de Administración
Titulación de territorio comunal,Gerencia de Desarrollo del Pueblo Asháninka
Evaluación de indicadores de gestión,Oficina General de Planeamiento y Presupuesto
Verificación de padrón de contribuyentes,Gerencia de Desarrollo Económico y Administración Tributaria
Como hago el seguimiento de mi tramite,Oficina General de Atención al Ciudadano y Gestión Documental
Saludo protocolar por aniversario,Alcaldia
Pago de servicio de agua y luz,Oficina General de Administración
Recepción de obra,Gerencia de Desarrollo Territorial e Infraestructura
Taller de capacitación juvenil,Gerencia de Desarrollo Social
Emisión de recibo de pago,Gerencia de Desarrollo Económico y Administración Tributaria
Necesito permiso para mi restaurante,Gerencia Municipal
Proyecto de reglamento interno,Concejo Municipal
Acción de amparo,Oficina General de Asesoría Jurídica
Saludo protocolar por aniversario,Alcaldia
Resolución de alcaldía,Alcaldia
Solicito información de mis documentos,Oficina General de Atención al Ciudadano y Gestión Documental
Autorización para evento deportivo,Gerencia Municipal
Defensa en proceso judicial,Oficina General de Asesoría Jurídica
Constancia de presentación,Oficina General de Atención al Ciudadano y Gestión Documental
Solicitud de traducción de documentos,Gerencia de Desarrollo del Pueblo Asháninka
Fumigación de zonas,Gerencia de Servicios Municipales y Gestión Ambiental
Solicitud de medico intercultural,Gerencia de Desarrollo del Pueblo Asháninka
Solicitud de audiencia con el alcalde,Alcaldia
Solicitud de programa social,Gerencia de Desarrollo Social
Denuncia de contaminación sonora,Gerencia de Servicios Municipales y Gestión Ambiental
Programación de inversiones,Oficina General de Planeamiento y Presupuesto
Solicito información de mis documentos,Oficina General de Atención al Ciudadano y Gestión Documental
Conservación de parques y jardines,Gerencia de Servicios Municipales y Gestión Ambiental
Renovación de licencia,Gerencia Municipal
Certificado de supervivencia,Oficina General de Atención al Ciudadano y Gestión Documental
Proceso de selección de personal CAS,Oficina General de Administración
Recojo de residuos sólidos,Gerencia de Servicios Municipales y Gestión Ambiental
Recojo de residuos sólidos,Gerencia de Servicios Municipales y Gestión Ambiental
Solicitud de licencia de regidor,Concejo Municipal
Campaña de educación ciudadana,Alcaldia
Denuncia por infracción municipal,Oficina General de Asesoría Jurídica
Limpieza de rio y canales,Gerencia de Servicios Municipales y Gestión Ambiental
Solicitud de declaración de emergencia,Alcaldia
Programa de formalización de empresas,Gerencia de Desarrollo Económico y Administración Tributaria
Informe de ejecución presupuestal,Oficina General de Planeamiento y Presupuesto
Carta de invitación a ceremonia,Alcaldia
Solicitud de licencia de regidor,Concejo Municipal
Formalización de comerciante ambulante,Gerencia de Desarrollo Económico y Administración Tributaria
Informe de fiscalización,Concejo Municipal
Saludo protocolar por aniversario,Alcaldia
Solicitud de amnistía tributaria,Gerencia de Desarrollo Económico y Administración Tributaria
Solicitud de medico intercultural,Gerencia de Desarrollo del Pueblo Asháninka
Solicitud de apoyo psicológico,Gerencia de Desarrollo Social
Informe de ejecución presupuestal,Oficina General de Planeamiento y Presupuesto
Conformación de comisión ordinaria,Concejo Municipal
Los vecinos botan basura en la esquina,Gerencia de Servicios Municipales y Gestión Ambiental
Solicitud de licencia comercial,Gerencia Municipal
Baja de bienes muebles,Oficina General de Administración
Servicio de fotocopiado,Oficina General de Administración
Proceso de selección de personal CAS,Oficina General de Administración
Taller de capacitación juvenil,Gerencia de Desarrollo Social
Estudio de preinversión,Oficina General de Planeamiento y Presupuesto
Solicitud de licencia comercial,Gerencia Municipal
Constitución de comité de selección,Oficina General de Asesoría Jurídica
Acta de sesión extraordinaria,Concejo Municipal
Evaluación presupuestal trimestral,Oficina General de Planeamiento y Presupuesto
Solicitud de permiso municipal,Gerencia Municipal
Presupuesto de apertura,Oficina General de Planeamiento y Presupuesto
Proyecto de reglamento interno,Concejo Municipal
Solicitud de poda de arboles,Gerencia de Servicios Municipales y Gestión Ambiental
Solicitud de padrón de beneficiarios,Alcaldia
Campaña de reciclaje,Gerencia de Servicios Municipales y Gestión Ambiental
Consulta previa de proyecto,Gerencia de Desarrollo del Pueblo Asháninka
Permiso para ampliación de local,Gerencia Municipal
Ventanilla de atención al publico,Oficina General de Atención al Ciudadano y Gestión Documental
Permiso para evento publico,Gerencia Municipal
Revisión de convenio interinstitucional,Oficina General de Asesoría Jurídica
Solicitud de informe legal urgente,Oficina General de Asesoría Jurídica
Emprendimiento juvenil,Gerencia de Desarrollo Económico y Administración Tributaria
Pago de servicio de agua y luz,Oficina General de Administración
Visto bueno de planos,Gerencia de Desarrollo Territorial e Infraestructura
Reconocimiento de comunidad campesina,Gerencia de Desarrollo del Pueblo Asháninka
Licencia temporal,Gerencia Municipal
Permiso para evento publico,Gerencia Municipal
Club de madres,Gerencia de Desarrollo Social
Programa de alimentación escolar,Gerencia de Desarrollo Social
Visto bueno de planos,Gerencia de Desarrollo Territorial e Infraestructura
Reposición de bienes patrimoniales,Oficina General de Administración
Recurso de apelación administrativa,Oficina General de Asesoría Jurídica
Recurso de apelación administrativa,Oficina General de Asesoría Jurídica
Los vecinos botan basura en la esquina,Gerencia de Servicios Municipales y Gestión Ambiental
Instalación de contenedores de basura,Gerencia de Servicios Municipales y Gestión Ambiental
Decreto de alcaldía,Alcaldia
Donación de bienes municipales,Alcaldia
Reporte de avance físico y financiero,Oficina General de Planeamiento y Presupuesto
Formalización de comerciante ambulante,Gerencia de Desarrollo Económico y Administración Tributaria
Certificado de parámetros urbanísticos,Gerencia de Desarrollo Territorial e Infraestructura
Proyecto de resolución legal,Oficina General de Asesoría Jurídica
El parque esta sucio necesitan limpiarlo,Gerencia de Servicios Municipales y Gestión Ambiental
Alta de equipos informáticos,Oficina General de Administración
Programa de becas interculturales,Gerencia de Desarrollo del Pueblo Asháninka
Donde dejo mi solicitud,Oficina General de Atención al Ciudadano y Gestión Documental
Consulta previa de proyecto,Gerencia de Desarrollo del Pueblo Asháninka
Aprobación de presupuesto anual,Concejo Municipal
Resolución de nulidad de oficio,Oficina General de Asesoría Jurídica
Solicitud de asfaltado de calle,Gerencia de Desarrollo Territorial e Infraestructura
Revisión de contrato de obra,Oficina General de Asesoría Jurídica
Solicitud de silla de ruedas,Gerencia de Desarrollo Social
Revisión de contrato de obra,Oficina General de Asesoría Jurídica
Formalización de comerciante ambulante,Gerencia de Desarrollo Económico y Administración Tributaria
Acta de sesión extraordinaria,Concejo Municipal
Saneamiento de comunidad,Gerencia de Desarrollo del Pueblo Asháninka
Programa de gobierno abierto,Alcaldia
Renovación de licencia,Gerencia Municipal
Solicitud de modificación presupuestal,Oficina General de Planeamiento y Presupuesto
Evaluación de indicadores de gestión,Oficina General de Planeamiento y Presupuesto
Solicitud de permiso municipal,Gerencia Municipal
Revisión de expediente técnico,Gerencia de Desarrollo Territorial e Infraestructura
Campaña de prevención de violencia,Gerencia de Desarrollo Social
Condonación de intereses moratorios,Gerencia de Desarrollo Económico y Administración Tributaria
Solicitud de audiencia con el alcalde,Alcaldia
Cargo de asistencia a sesión,Concejo Municipal
Informe de fiscalización,Concejo Municipal
Educación ambiental,Gerencia de Servicios Municipales y Gestión Ambiental
Solicitud de asfaltado de calle,Gerencia de Desarrollo Territorial e Infraestructura
Constancia de presentación,Oficina General de Atención al Ciudadano y Gestión Documental
Hay basura acumulada en mi calle,Gerencia de Servicios Municipales y Gestión Ambiental
Inventario de patrimonio cultural,Gerencia de Desarrollo del Pueblo Asháninka
Declaratoria de viabilidad,Oficina General de Planeamiento y Presupuesto
Fraccionamiento de deuda,Gerencia de Desarrollo Económico y Administración Tributaria
Fumigación de zonas,Gerencia de Servicios Municipales y Gestión Ambiental
Vacunación canina,Gerencia de Desarrollo Social
Informe de ejecución presupuestal,Oficina General de Planeamiento y Presupuesto
Inscripción a programa de adulto mayor,Gerencia de Desarrollo Social
Constancia de presentación,Oficina General de Atención al Ciudadano y Gestión Documental
Plan estratégico institucional,Oficina General de Planeamiento y Presupuesto
Revisión de contrato de obra,Oficina General de Asesoría Jurídica
Solicitud de traducción de documentos,Gerencia de Desarrollo del Pueblo Asháninka
Educación ambiental,Gerencia de Servicios Municipales y Gestión Ambiental
Preservación de lengua materna,Gerencia de Desarrollo del Pueblo Asháninka
Ventanilla de atención al publico,Oficina General de Atención al Ciudadano y Gestión Documental
Solicitud de informe legal urgente,Oficina General de Asesoría Jurídica
Conformidad de servicio prestado,Oficina General de Administración
Bono familiar universal,Gerencia de Desarrollo Social
Conformidad de servicio prestado,Oficina General de Administración
En que estado esta mi expediente,Oficina General de Atención al Ciudadano y Gestión Documental
Informe de ejecución presupuestal,Oficina General de Planeamiento y Presupuesto
Estudio de preinversión,Oficina General de Planeamiento y Presupuesto
Servicio de fotocopiado,Oficina General de Administración
Necesito permiso para mi restaurante,Gerencia Municipal
Como renuevo mi licencia,Gerencia Municipal
Contrato de servicio de vigilancia,Oficina General de Administración
Promoción de mypes,Gerencia de Desarrollo Económico y Administración Tributaria
Registro de saberes ancestrales,Gerencia de Desarrollo del Pueblo Asháninka
Recurso de apelación administrativa,Oficina General de Asesoría Jurídica
Baja de bienes muebles,Oficina General de Administración
Solicitud de ordenanza municipal,Concejo Municipal
Vaso de leche,Gerencia de Desarrollo Social
Registro de comunidad nativa,Gerencia de Desarrollo del Pueblo Asháninka
Rendición de gastos de viaje,Oficina General de Administración
Solicitud de programa social,Gerencia de Desarrollo Social
Defensoría del niño y adolescente,Gerencia de Desarrollo Social
Licencia de construcción,Gerencia de Desarrollo Territorial e Infraestructura
Registro de solicitudes,Oficina General de Atención al Ciudadano y Gestión Documental
Solicitud de amnistía tributaria,Gerencia de Desarrollo Económico y Administración Tributaria
Donación de bienes municipales,Alcaldia
Certificación de crédito presupuestario,Oficina General de Planeamiento y Presupuesto
Decreto de alcaldía,Alcaldia
Renovación de licencia,Gerencia Municipal
Fiscalización ambiental,Gerencia de Servicios Municipales y Gestión Ambiental
Recepción de obra,Gerencia de Desarrollo Territorial e Infraestructura
Comedor popular,Gerencia de Desarrollo Social
Reporte de avance físico y financiero,Oficina General de Planeamiento y Presupuesto
Como renuevo mi licencia,Gerencia Municipal
Programa de becas interculturales,Gerencia de Desarrollo del Pueblo Asháninka
Solicitud de traducción de documentos,Gerencia de Desarrollo del Pueblo Asháninka
Registro de saberes ancestrales,Gerencia de Desarrollo del Pueblo Asháninka
Contratación de servicio de limpieza,Oficina General de Administración
Fiscalización de actos administrativos,Oficina General de Asesoría Jurídica
Servicio de serenazgo,Gerencia de Servicios Municipales y Gestión Ambiental
Conservación de parques y jardines,Gerencia de Servicios Municipales y Gestión Ambiental
Licencia de construcción,Gerencia Municipal
Solicitud de licencia de regidor,Concejo Municipal
Solicitud de pensión por discapacidad,Gerencia de Desarrollo Social
Reporte de avance físico y financiero,Oficina General de Planeamiento y Presupuesto
Demanda contra la municipalidad,Oficina General de Asesoría Jurídica
Verificación de padrón de contribuyentes,Gerencia de Desarrollo Económico y Administración Tributaria
Solicitud de poda de arboles,Gerencia de Servicios Municipales y Gestión Ambiental
Seguimiento de expediente,Oficina General de Atención al Ciudadano y Gestión Documental
Orientación sobre trámites,Oficina General de Atención al Ciudadano y Gestión Documental
En que estado esta mi expediente,Oficina General de Atención al Ciudadano y Gestión Documental
Programa de becas interculturales,Gerencia de Desarrollo del Pueblo Asháninka
Mantenimiento de vehículos municipales,Oficina General de Administración
Los vecinos botan basura en la esquina,Gerencia de Servicios Municipales y Gestión Ambiental
Donación de bienes municipales,Alcaldia
Hay basura acumulada en mi calle,Gerencia de Servicios Municipales y Gestión Ambiental
Manejo de residuos peligrosos,Gerencia de Servicios Municipales y Gestión Ambiental
Instalación de contenedores de basura,Gerencia de Servicios Municipales y Gestión Ambiental
Denuncia por infracción municipal,Oficina General de Asesoría Jurídica
Acción de amparo,Oficina General de Asesoría Jurídica
Servicio de fotocopiado,Oficina General de Administración
Hay basura acumulada en mi calle,Gerencia de Servicios Municipales y Gestión Ambiental
Consulta sobre estado de tramite,Oficina General de Atención al Ciudadano y Gestión Documental
Reconocimiento a ciudadano distinguido,Alcaldia
Solicitud de declaración de emergencia,Alcaldia
Registro de saberes ancestrales,Gerencia de Desarrollo del Pueblo Asháninka
Campaña de prevención de violencia,Gerencia de Desarrollo Social
Mantenimiento de cementerio,Gerencia de Servicios Municipales y Gestión Ambiental
Solicitud de informe de comisión,Concejo Municipal
Solicitud de ordenanza municipal,Concejo Municipal
Monitoreo de proyectos,Oficina General de Planeamiento y Presupuesto
Pago de servicio de agua y luz,Oficina General de Administración
Declaración de sesión reservada,Concejo Municipal
Fraccionamiento de deuda,Gerencia de Desarrollo Económico y Administración Tributaria
Programación de inversiones,Oficina General de Planeamiento y Presupuesto
Feria de productos nativos,Gerencia de Desarrollo del Pueblo Asháninka
Programa de formalización de empresas,Gerencia de Desarrollo Económico y Administración Tributaria
Certificado de domicilio,Oficina General de Atención al Ciudadano y Gestión Documental
Convenio de cooperación interinstitucional,Alcaldia
Baja de bienes muebles,Oficina General de Administración
Nombramiento de funcionario,Alcaldia
Informe de fiscalización,Concejo Municipal
Solicitud de licencia de regidor,Concejo Municipal
Conservación de parques y jardines,Gerencia de Servicios Municipales y Gestión Ambiental
Adquisición de combustible,Oficina General de Administración
Solicitud de amnistía tributaria,Gerencia de Desarrollo Económico y Administración Tributaria
Cargo de asistencia a sesión,Concejo Municipal
Contratación de servicio de limpieza,Oficina General de Administración
Conformación de comisión ordinaria,Concejo Municipal
Informe de fiscalización,Concejo Municipal
Comunicado oficial de alcaldía,Alcaldia
Constitución de comité de selección,Oficina General de Asesoría Jurídica
Monitoreo de calidad del aire,Gerencia de Servicios Municipales y Gestión Ambiental
Solicitud de licencia de regidor,Concejo Municipal
Reconocimiento de comunidad campesina,Gerencia de Desarrollo del Pueblo Asháninka
Cese de funcionamiento,Gerencia Municipal
Solicitud de partida de nacimiento,Oficina General de Atención al Ciudadano y Gestión Documental
Solicitud de informe de comisión,Concejo Municipal
Informe legal sobre contrato,Oficina General de Asesoría Jurídica
Programa intercultural bilingüe,Gerencia de Desarrollo del Pueblo Asháninka
Limpieza de rio y canales,Gerencia de Servicios Municipales y Gestión Ambiental
Recepción de documentos,Oficina General de Atención al Ciudadano y Gestión Documental
Reclamo de arbitrios municipales,Gerencia de Desarrollo Económico y Administración Tributaria
Adquisición de bienes municipales,Oficina General de Administración
Carta de invitación a ceremonia,Alcaldia
Aprobación de presupuesto anual,Concejo Municipal
Acta de sesión extraordinaria,Concejo Municipal
Renovación de licencia,Gerencia Municipal
Club de madres,Gerencia de Desarrollo Social
Consulta previa de proyecto,Gerencia de Desarrollo del Pueblo Asháninka
Solicitud de informe de comisión,Concejo Municipal
Compra de uniformes para personal,Oficina General de Administración
Solicito recibo de arbitrios,Gerencia de Desarrollo Económico y Administración Tributaria
Solicitud de pensión por discapacidad,Gerencia de Desarrollo Social
Saludo protocolar por aniversario,Alcaldia
Evaluación presupuestal trimestral,Oficina General de Planeamiento y Presupuesto
Absolución de queja ante la contraloría,Oficina General de Asesoría Jurídica
Pronunciamiento jurídico sobre ordenanza,Oficina General de Asesoría Jurídica
Donde dejo mi solicitud,Oficina General de Atención al Ciudadano y Gestión Documental
Resolución de nulidad de oficio,Oficina General de Asesoría Jurídica
Promoción de mypes,Gerencia de Desarrollo Económico y Administración Tributaria
Emisión de recibo de pago,Gerencia de Desarrollo Económico y Administración Tributaria
Decreto de alcaldía,Alcaldia
Hoja de reclamo,Oficina General de Atención al Ciudadano y Gestión Documental
Solicitud de traducción de documentos,Gerencia de Desarrollo del Pueblo Asháninka
Estudio de preinversión,Oficina General de Planeamiento y Presupuesto
Rendición de gastos de viaje,Oficina General de Administración
Programación de inversiones,Oficina General de Planeamiento y Presupuesto
Licencia de funcionamiento renovación,Gerencia de Desarrollo Económico y Administración Tributaria
Asignación de recursos por resultados,Oficina General de Planeamiento y Presupuesto
Orientación sobre trámites,Oficina General de Atención al Ciudadano y Gestión Documental
Solicitud de licencia de regidor,Concejo Municipal
Informe legal sobre contrato,Oficina General de Asesoría Jurídica
Revisión de contrato de obra,Oficina General de Asesoría Jurídica
Registro de saberes ancestrales,Gerencia de Desarrollo del Pueblo Asháninka
Revaluación de predio,Gerencia de Desarrollo Económico y Administración Tributaria
Supervisión de obra municipal,Gerencia de Desarrollo Territorial e Infraestructura
Arbitraje municipal,Oficina General de Asesoría Jurídica
Registro de comunidad nativa,Gerencia de Desarrollo del Pueblo Asháninka
Declaratoria de viabilidad,Oficina General de Planeamiento y Presupuesto
Formalización de comerciante ambulante,Gerencia de Desarrollo Económico y Administración Tributaria
Programa de formalización de empresas,Gerencia de Desarrollo Económico y Administración Tributaria
Decreto de alcaldía,Alcaldia
Cobranza coactiva de deudas,Oficina General de Asesoría Jurídica
Autorización de funcionamiento,Gerencia Municipal
Paquete de ayuda humanitaria,Gerencia de Desarrollo Social
Plan operativo institucional,Oficina General de Planeamiento y Presupuesto
Cambio de giro comercial,Gerencia Municipal
Convocatoria a sesión de concejo,Concejo Municipal
Cargo de asistencia a sesión,Concejo Municipal
Conciliación extrajudicial,Oficina General de Asesoría Jurídica
Solicitud de mesa de partes virtual,Oficina General de Atención al Ciudadano y Gestión Documental
Adquisición de combustible,Oficina General de Administración
Vaso de leche,Gerencia de Desarrollo Social
Evaluación presupuestal trimestral,Oficina General de Planeamiento y Presupuesto
Bono de vivienda rural,Gerencia de Desarrollo Social
Condonación de intereses moratorios,Gerencia de Desarrollo Económico y Administración Tributaria
Reconocimiento a ciudadano distinguido,Alcaldia
Declaración de feriado local,Alcaldia
Bono de vivienda rural,Gerencia de Desarrollo Social
Solicitud de modificación presupuestal,Oficina General de Planeamiento y Presupuesto
Solicitud de informe legal urgente,Oficina General de Asesoría Jurídica
Solicitud de factibilidad de servicios,Gerencia de Desarrollo Territorial e Infraestructura
Solicitud de declaración de emergencia,Alcaldia
Registro de saberes ancestrales,Gerencia de Desarrollo del Pueblo Asháninka
Convocatoria a sesión de concejo,Concejo Municipal
Permiso para feria,Gerencia Municipal
Donación de bienes municipales,Alcaldia
Consulta previa de proyecto,Gerencia de Desarrollo del Pueblo Asháninka
Feria de productos nativos,Gerencia de Desarrollo del Pueblo Asháninka
Registro de comunidad nativa,Gerencia de Desarrollo del Pueblo Asháninka
Convenio de cooperación interinstitucional,Alcaldia
Baja de bienes muebles,Oficina General de Administración
Campaña de reciclaje,Gerencia de Servicios Municipales y Gestión Ambiental
Cargo de asistencia a sesión,Concejo Municipal
Conexión domiciliaria de agua,Gerencia de Desarrollo Territorial e Infraestructura
Solicitud de informe legal urgente,Oficina General de Asesoría Jurídica
Resolución de nulidad de oficio,Oficina General de Asesoría Jurídica
Reporte de avance físico y financiero,Oficina General de Planeamiento y Presupuesto
Donación de bienes municipales,Alcaldia
Servicio de serenazgo,Gerencia de Servicios Municipales y Gestión Ambiental
Adquisición de bienes municipales,Oficina General de Administración
Proyecto de reglamento interno,Concejo Municipal
Contrato de servicio de vigilancia,Oficina General de Administración
Informe legal sobre contrato,Oficina General de Asesoría Jurídica
Vacunación canina,Gerencia de Desarrollo Social
Reporte de quema de basura,Gerencia de Servicios Municipales y Gestión Ambiental
Reconocimiento a ciudadano distinguido,Alcaldia
Solicitud de amnistía tributaria,Gerencia de Desarrollo Económico y Administración Tributaria
Titulación de territorio comunal,Gerencia de Desarrollo del Pueblo Asháninka
Emisión de recibo de pago,Gerencia de Desarrollo Económico y Administración Tributaria
Proceso de selección de personal CAS,Oficina General de Administración
Padrón de contribuyentes,Gerencia de Desarrollo Económico y Administración Tributaria
Revalidación de permiso,Gerencia Municipal
Resolución de alcaldía,Alcaldia
Programa intercultural bilingüe,Gerencia de Desarrollo del Pueblo Asháninka
Proceso de selección de personal CAS,Oficina General de Administración
Reconocimiento de comunidad campesina,Gerencia de Desarrollo del Pueblo Asháninka
Denuncia por infracción municipal,Oficina General de Asesoría Jurídica
Hay basura acumulada en mi calle,Gerencia de Servicios Municipales y Gestión Ambiental
Quiero presentar un documento,Oficina General de Atención al Ciudadano y Gestión Documental
Solicitud de pasajes y viáticos,Oficina General de Administración
Opinión legal sobre licitación,Oficina General de Asesoría Jurídica
Programa intercultural bilingüe,Gerencia de Desarrollo del Pueblo Asháninka
Orden de compra menor,Oficina General de Administración
Plan estratégico institucional,Oficina General de Planeamiento y Presupuesto
Titulación de territorio comunal,Gerencia de Desarrollo del Pueblo Asháninka
Barrido de calles,Gerencia de Servicios Municipales y Gestión Ambiental
Alquiler de local municipal,Oficina General de Administración
Reporte de quema de basura,Gerencia de Servicios Municipales y Gestión Ambiental
Proyecto de resolución legal,Oficina General de Asesoría Jurídica
Propuesta de resolución de concejo,Concejo Municipal
Apoyo para persona con discapacidad,Gerencia de Desarrollo Social
Hoja de reclamo,Oficina General de Atención al Ciudadano y Gestión Documental
Inventario de activos fijos,Oficina General de Administración
Solicito información de mis documentos,Oficina General de Atención al Ciudadano y Gestión Documental
Acta de sesión extraordinaria,Concejo Municipal
Como renuevo mi licencia,Gerencia Municipal
Proyecto de reglamento interno,Concejo Municipal
Moción de orden del día,Concejo Municipal
Monitoreo de calidad del aire,Gerencia de Servicios Municipales y Gestión Ambiental
Solicitud de programa social,Gerencia de Desarrollo Social
Resolución de habilitación urbana,Gerencia de Desarrollo Territorial e Infraestructura
Conexión domiciliaria de agua,Gerencia de Desarrollo Territorial e Infraestructura
Campaña de educación ciudadana,Alcaldia
Programa de gobierno abierto,Alcaldia
Evaluación presupuestal trimestral,Oficina General de Planeamiento y Presupuesto
Solicitud de silla de ruedas,Gerencia de Desarrollo Social
Compra de uniformes para personal,Oficina General de Administración
Alquiler de local municipal,Oficina General de Administración
Preservación de lengua materna,Gerencia de Desarrollo del Pueblo Asháninka
Certificado de domicilio,Oficina General de Atención al Ciudadano y Gestión Documental
Presupuesto de apertura,Oficina General de Planeamiento y Presupuesto
Resolución de nulidad de oficio,Oficina General de Asesoría Jurídica
Evaluación presupuestal trimestral,Oficina General de Planeamiento y Presupuesto
Reporte de quema de basura,Gerencia de Servicios Municipales y Gestión Ambiental
Permiso para evento publico,Gerencia Municipal
Denuncia de contaminación sonora,Gerencia de Servicios Municipales y Gestión Ambiental
Habilitación urbana,Gerencia de Desarrollo Territorial e Infraestructura
Certificación de crédito presupuestario,Oficina General de Planeamiento y Presupuesto
Proyecto de reglamento interno,Concejo Municipal
Cuna mas,Gerencia de Desarrollo Social
Instalación de contenedores de basura,Gerencia de Servicios Municipales y Gestión Ambiental
Pronunciamiento jurídico sobre ordenanza,Oficina General de Asesoría Jurídica
Bono familiar universal,Gerencia de Desarrollo Social
Presentación de documentos,Oficina General de Atención al Ciudadano y Gestión Documental
Quiero poner un cartel en mi local,Gerencia Municipal
Club de madres,Gerencia de Desarrollo Social
Programa intercultural bilingüe,Gerencia de Desarrollo del Pueblo Asháninka
Programa de gobierno abierto,Alcaldia
Nombramiento de funcionario,Alcaldia
Renovación de licencia,Gerencia Municipal
Saneamiento de comunidad,Gerencia de Desarrollo del Pueblo Asháninka
Denuncia por infracción municipal,Oficina General de Asesoría Jurídica
Atención al ciudadano,Oficina General de Atención al Ciudadano y Gestión Documental
Pronunciamiento jurídico sobre ordenanza,Oficina General de Asesoría Jurídica
Propuesta de acuerdo de concejo,Concejo Municipal
Registro de solicitudes,Oficina General de Atención al Ciudadano y Gestión Documental
Solicitud de partida de nacimiento,Oficina General de Atención al Ciudadano y Gestión Documental
Consulta sobre estado de tramite,Oficina General de Atención al Ciudadano y Gestión Documental
Permiso para evento publico,Gerencia Municipal
Declaratoria de viabilidad,Oficina General de Planeamiento y Presupuesto
Inventario de activos fijos,Oficina General de Administración
Programa de gobierno abierto,Alcaldia
Campaña de salud gratuita,Gerencia de Desarrollo Social
Alquiler de local municipal,Oficina General de Administración
Solicitud de informe de comisión,Concejo Municipal
Declaración jurada,Oficina General de Atención al Ciudadano y Gestión Documental
Hoja de reclamo,Oficina General de Atención al Ciudadano y Gestión Documental
Seguimiento de expediente,Oficina General de Atención al Ciudadano y Gestión Documental
Evaluación de indicadores de gestión,Oficina General de Planeamiento y Presupuesto
Evaluación de indicadores de gestión,Oficina General de Planeamiento y Presupuesto
Carta de invitación a ceremonia,Alcaldia
Comedor popular,Gerencia de Desarrollo Social
Proyecto de reglamento interno,Concejo Municipal
Reporte de avance físico y financiero,Oficina General de Planeamiento y Presupuesto
Emisión de recibo de pago,Gerencia de Desarrollo Económico y Administración Tributaria
Donde dejo mi solicitud,Oficina General de Atención al Ciudadano y Gestión Documental
Permiso para espectaculo,Gerencia Municipal
Consulta administrativa,Gerencia Municipal
Reconocimiento a ciudadano distinguido,Alcaldia
Informe de ejecución presupuestal,Oficina General de Planeamiento y Presupuesto
Solicitud de intérprete,Gerencia de Desarrollo del Pueblo Asháninka
Constitución de comité de selección,Oficina General de Asesoría Jurídica
Solicito información de mis documentos,Oficina General de Atención al Ciudadano y Gestión Documental
Fiscalización de actos administrativos,Oficina General de Asesoría Jurídica
Solicitud de modificación presupuestal,Oficina General de Planeamiento y Presupuesto
Solicitud de factibilidad de servicios,Gerencia de Desarrollo Territorial e Infraestructura
Solicitud de intérprete,Gerencia de Desarrollo del Pueblo Asháninka
Monitoreo de proyectos,Oficina General de Planeamiento y Presupuesto
Acta de sesión extraordinaria,Concejo Municipal
Solicitud de informe de comisión,Concejo Municipal
Reforestación urbana,Gerencia de Servicios Municipales y Gestión Ambiental
Inspección de comercio informal,Gerencia de Desarrollo Económico y Administración Tributaria
Solicitud de amnistía tributaria,Gerencia de Desarrollo Económico y Administración Tributaria
Permiso para vender en la calle,Gerencia Municipal
Solicitud de apoyo psicológico,Gerencia de Desarrollo Social
Donación de bienes municipales,Alcaldia
Solicitud de factibilidad de servicios,Gerencia de Desarrollo Territorial e Infraestructura
Dictamen de comisión,Concejo Municipal
Solicitud de partida de nacimiento,Oficina General de Atención al Ciudadano y Gestión Documental
Propuesta de resolución de concejo,Concejo Municipal
Convocatoria a sesión de concejo,Concejo Municipal
Convenio de cooperación interinstitucional,Alcaldia
Reporte de avance físico y financiero,Oficina General de Planeamiento y Presupuesto
Reporte de avance físico y financiero,Oficina General de Planeamiento y Presupuesto
Saludo protocolar por aniversario,Alcaldia
Programa intercultural bilingüe,Gerencia de Desarrollo del Pueblo Asháninka
Informe de fiscalización,Concejo Municipal
Proceso contencioso administrativo,Oficina General de Asesoría Jurídica
Padrón de contribuyentes,Gerencia de Desarrollo Económico y Administración Tributaria
Declaración jurada de impuestos,Gerencia de Desarrollo Económico y Administración Tributaria
Taller de capacitación juvenil,Gerencia de Desarrollo Social
Reconocimiento de comunidad campesina,Gerencia de Desarrollo del Pueblo Asháninka
Seguimiento de expediente,Oficina General de Atención al Ciudadano y Gestión Documental
Bono familiar universal,Gerencia de Desarrollo Social
Solicitud de amnistía tributaria,Gerencia de Desarrollo Económico y Administración Tributaria
Convenio de cooperación interinstitucional,Alcaldia
Cargo de asistencia a sesión,Concejo Municipal
Nombramiento de funcionario,Alcaldia
Campaña de prevención de violencia,Gerencia de Desarrollo Social
Cobranza de deuda tributaria,Gerencia de Desarrollo Económico y Administración Tributaria
Limpieza de mercados,Gerencia de Servicios Municipales y Gestión Ambiental
Reclamo de arbitrios municipales,Gerencia de Desarrollo Económico y Administración Tributaria
Revisión de contrato de obra,Oficina General de Asesoría Jurídica
Instalación de red de alumbrado,Gerencia de Desarrollo Territorial e Infraestructura
Solicitud de ordenanza municipal,Concejo Municipal
Feria de productos nativos,Gerencia de Desarrollo del Pueblo Asháninka
Solicitud de medico intercultural,Gerencia de Desarrollo del Pueblo Asháninka
Programa de becas interculturales,Gerencia de Desarrollo del Pueblo Asháninka
Campaña de educación ciudadana,Alcaldia
Programación de metas presupuestales,Oficina General de Planeamiento y Presupuesto
Autorización de publicidad,Gerencia Municipal
Cobranza de deuda tributaria,Gerencia de Desarrollo Económico y Administración Tributaria
Proyecto de reglamento interno,Concejo Municipal
Educación ambiental,Gerencia de Servicios Municipales y Gestión Ambiental
Orden de compra menor,Oficina General de Administración
Campaña de reciclaje,Gerencia de Servicios Municipales y Gestión Ambiental
Solicitud de informe legal urgente,Oficina General de Asesoría Jurídica
Reforestación urbana,Gerencia de Servicios Municipales y Gestión Ambiental
Barrido de calles,Gerencia de Servicios Municipales y Gestión Ambiental
Revisión de convenio interinstitucional,Oficina General de Asesoría Jurídica
Autorización de rotulo,Gerencia Municipal
El parque esta sucio necesitan limpiarlo,Gerencia de Servicios Municipales y Gestión Ambiental
Mantenimiento de pistas y veredas,Gerencia de Desarrollo Territorial e Infraestructura
Programa de gobierno abierto,Alcaldia
Conformidad de servicio prestado,Oficina General de Administración
Rendición de gastos de viaje,Oficina General de Administración
Ventanilla de atención al publico,Oficina General de Atención al Ciudadano y Gestión Documental
Solicitud de certificado domiciliario,Oficina General de Atención al Ciudadano y Gestión Documental
Aprobación de presupuesto anual,Concejo Municipal
Formalización de comerciante ambulante,Gerencia de Desarrollo Económico y Administración Tributaria
Plan estratégico institucional,Oficina General de Planeamiento y Presupuesto
Informe de fiscalización,Concejo Municipal
Declaratoria de viabilidad,Oficina General de Planeamiento y Presupuesto
Transferencia de licencia,Gerencia Municipal
Revisión de convenio interinstitucional,Oficina General de Asesoría Jurídica
Recojo de residuos sólidos,Gerencia de Servicios Municipales y Gestión Ambiental
Conformación de comisión ordinaria,Concejo Municipal
Vacunación canina,Gerencia de Desarrollo Social
Renovación de licencia,Gerencia Municipal
Instalación de contenedores de basura,Gerencia de Servicios Municipales y Gestión Ambiental
Adquisición de bienes municipales,Oficina General de Administración
Permiso para cierre de calle,Gerencia Municipal
Solicitud de material de oficina,Oficina General de Administración
Fiscalización de actividad comercial,Gerencia de Desarrollo Económico y Administración Tributaria
Estudio de preinversión,Oficina General de Planeamiento y Presupuesto
Solicitud de licencia de regidor,Concejo Municipal
Fumigación de zonas,Gerencia de Servicios Municipales y Gestión Ambiental
Solicitud de pensión por discapacidad,Gerencia de Desarrollo Social
Certificado de parámetros urbanísticos,Gerencia de Desarrollo Territorial e Infraestructura
Donde dejo mi solicitud,Oficina General de Atención al Ciudadano y Gestión Documental
Feria de productos nativos,Gerencia de Desarrollo del Pueblo Asháninka
Programa de gobierno abierto,Alcaldia
Permiso para evento publico,Gerencia Municipal
Bono de vivienda rural,Gerencia de Desarrollo Social
Campaña de prevención de violencia,Gerencia de Desarrollo Social
Declaración jurada de impuestos,Gerencia de Desarrollo Económico y Administración Tributaria
Inspección técnica de obra,Gerencia de Desarrollo Territorial e Infraestructura
Verificación de padrón de contribuyentes,Gerencia de Desarrollo Económico y Administración Tributaria
Campaña de educación ciudadana,Alcaldia
Refugio para personas en situación de calle,Gerencia de Desarrollo Social
Titulación de territorio comunal,Gerencia de Desarrollo del Pueblo Asháninka
Consulta sobre estado de tramite,Oficina General de Atención al Ciudadano y Gestión Documental
Solicito recibo de arbitrios,Gerencia de Desarrollo Económico y Administración Tributaria
Programación de inversiones,Oficina General de Planeamiento y Presupuesto
Revisión de expediente técnico,Gerencia de Desarrollo Territorial e Infraestructura
Reporte de avance físico y financiero,Oficina General de Planeamiento y Presupuesto
Monitoreo de proyectos,Oficina General de Planeamiento y Presupuesto
Consulta de requisitos,Gerencia Municipal
Donación de bienes municipales,Alcaldia
Habilitación urbana,Gerencia de Desarrollo Territorial e Infraestructura
Consulta de requisitos,Gerencia Municipal
Programa intercultural bilingüe,Gerencia de Desarrollo del Pueblo Asháninka
Supervisión de obra municipal,Gerencia de Desarrollo Territorial e Infraestructura
Convocatoria a sesión de concejo,Concejo Municipal
Licencia de funcionamiento renovación,Gerencia de Desarrollo Económico y Administración Tributaria
Construcción de losa deportiva,Gerencia de Desarrollo Territorial e Infraestructura
Titulación de territorio comunal,Gerencia de Desarrollo del Pueblo Asháninka
Emprendimiento juvenil,Gerencia de Desarrollo Económico y Administración Tributaria
Convenio de cooperación interinstitucional,Alcaldia
Como renuevo mi licencia,Gerencia Municipal
Solicitud de ordenanza municipal,Concejo Municipal
Reconocimiento de comunidad campesina,Gerencia de Desarrollo del Pueblo Asháninka
Fiscalización de actividad comercial,Gerencia de Desarrollo Económico y Administración Tributaria
Acta de sesión extraordinaria,Concejo Municipal
Contrato de servicio de vigilancia,Oficina General de Administración
Resolución de nulidad de oficio,Oficina General de Asesoría Jurídica
Apoyo para persona con discapacidad,Gerencia de Desarrollo Social
Conformidad de servicio prestado,Oficina General de Administración
Reporte de acumulación de basura,Gerencia de Servicios Municipales y Gestión Ambiental
Titulación de territorio comunal,Gerencia de Desarrollo del Pueblo Asháninka
Taller de capacitación juvenil,Gerencia de Desarrollo Social
Adquisición de combustible,Oficina General de Administración
Resolución de alcaldía,Alcaldia
Revalidación de permiso,Gerencia Municipal
Conexión domiciliaria de agua,Gerencia de Desarrollo Territorial e Infraestructura
Declaración de sesión reservada,Concejo Municipal
Conformación de comisión ordinaria,Concejo Municipal
Estudio de preinversión,Oficina General de Planeamiento y Presupuesto
Adquisición de bienes municipales,Oficina General de Administración
Declaración de sesión reservada,Concejo Municipal
Solicitud de pensión por discapacidad,Gerencia de Desarrollo Social
Resolución de alcaldía,Alcaldia
Convocatoria a sesión de concejo,Concejo Municipal
Convocatoria a sesión de concejo,Concejo Municipal
Revaluación de predio,Gerencia de Desarrollo Económico y Administración Tributaria
Solicitud de asfaltado de calle,Gerencia de Desarrollo Territorial e Infraestructura
Reforestación urbana,Gerencia de Servicios Municipales y Gestión Ambiental
Certificado de parámetros urbanísticos,Gerencia de Desarrollo Territorial e Infraestructura
Carta de invitación a ceremonia,Alcaldia
Compra de uniformes para personal,Oficina General de Administración
Conformación de comisión ordinaria,Concejo Municipal
Reposición de bienes patrimoniales,Oficina General de Administración
Adquisición de bienes municipales,Oficina General de Administración
Resolución de nulidad de oficio,Oficina General de Asesoría Jurídica
Reporte de acumulación de basura,Gerencia de Servicios Municipales y Gestión Ambiental
Instalación de contenedores de basura,Gerencia de Servicios Municipales y Gestión Ambiental
Revaluación de predio,Gerencia de Desarrollo Económico y Administración Tributaria
Rehabilitación de parque,Gerencia de Desarrollo Territorial e Infraestructura
Estudio de preinversión,Oficina General de Planeamiento y Presupuesto
Donación de bienes municipales,Alcaldia
Solicitud de certificado domiciliario,Oficina General de Atención al Ciudadano y Gestión Documental
Proceso contencioso administrativo,Oficina General de Asesoría Jurídica
Solicitud de poda de arboles,Gerencia de Servicios Municipales y Gestión Ambiental
Arbitraje municipal,Oficina General de Asesoría Jurídica
Feria dominical de productores,Gerencia de Desarrollo Económico y Administración Tributaria
Como renuevo mi licencia,Gerencia Municipal
Habilitación urbana,Gerencia de Desarrollo Territorial e Infraestructura
Arbitraje municipal,Oficina General de Asesoría Jurídica
Solicitud de silla de ruedas,Gerencia de Desarrollo Social
Atención al ciudadano,Oficina General de Atención al Ciudadano y Gestión Documental
Campaña de reciclaje,Gerencia de Servicios Municipales y Gestión Ambiental
Visto bueno de planos,Gerencia de Desarrollo Territorial e Infraestructura
Regularización de edificación,Gerencia de Desarrollo Territorial e Infraestructura
Consulta previa de proyecto,Gerencia de Desarrollo del Pueblo Asháninka
Certificado de domicilio,Oficina General de Atención al Ciudadano y Gestión Documental
Quiero presentar un documento,Oficina General de Atención al Ciudadano y Gestión Documental
Defensa en proceso judicial,Oficina General de Asesoría Jurídica
Permiso para cierre de calle,Gerencia Municipal
Campaña de salud gratuita,Gerencia de Desarrollo Social
Conexión domiciliaria de agua,Gerencia de Desarrollo Territorial e Infraestructura
Consulta administrativa,Gerencia Municipal
Contratación de servicio de limpieza,Oficina General de Administración
Condonación de intereses moratorios,Gerencia de Desarrollo Económico y Administración Tributaria
Solicitud de informe de comisión,Concejo Municipal
Regularización de edificación,Gerencia de Desarrollo Territorial e Infraestructura
Informe legal sobre contrato,Oficina General de Asesoría Jurídica
Mi licencia esta por vencer,Gerencia Municipal
Solicitud de intérprete,Gerencia de Desarrollo del Pueblo Asháninka
Verificación de padrón de contribuyentes,Gerencia de Desarrollo Económico y Administración Tributaria
Verificación de padrón de contribuyentes,Gerencia de Desarrollo Económico y Administración Tributaria
Defensa en proceso judicial,Oficina General de Asesoría Jurídica
Propuesta de acuerdo de concejo,Concejo Municipal
Feria dominical de productores,Gerencia de Desarrollo Económico y Administración Tributaria
Recepción de obra,Gerencia de Desarrollo Territorial e Infraestructura
Orden de compra menor,Oficina General de Administración
Licencia de funcionamiento renovación,Gerencia de Desarrollo Económico y Administración Tributaria
Mi licencia esta por vencer,Gerencia Municipal
Solicitud de amnistía tributaria,Gerencia de Desarrollo Económico y Administración Tributaria
Solicitud de traducción de documentos,Gerencia de Desarrollo del Pueblo Asháninka
Como hago el seguimiento de mi tramite,Oficina General de Atención al Ciudadano y Gestión Documental
Informe de ejecución presupuestal,Oficina General de Planeamiento y Presupuesto
Inspección técnica de obra,Gerencia de Desarrollo Territorial e Infraestructura
Acción de amparo,Oficina General de Asesoría Jurídica
Evaluación presupuestal trimestral,Oficina General de Planeamiento y Presupuesto
Proyecto de resolución legal,Oficina General de Asesoría Jurídica
Feria dominical de productores,Gerencia de Desarrollo Económico y Administración Tributaria
Proyecto de desarrollo comunal,Gerencia de Desarrollo del Pueblo Asháninka
Alta de equipos informáticos,Oficina General de Administración
Solicitud de pensión por discapacidad,Gerencia de Desarrollo Social
Solicito información de mis documentos,Oficina General de Atención al Ciudadano y Gestión Documental
Solicitud de silla de ruedas,Gerencia de Desarrollo Social
Proyecto de resolución legal,Oficina General de Asesoría Jurídica
Solicitud de programa social,Gerencia de Desarrollo Social
Taller de capacitación juvenil,Gerencia de Desarrollo Social
Inspección técnica de obra,Gerencia de Desarrollo Territorial e Infraestructura
Solicitud de audiencia con el alcalde,Alcaldia
Alta de equipos informáticos,Oficina General de Administración
Declaratoria de viabilidad,Oficina General de Planeamiento y Presupuesto
Baja de bienes muebles,Oficina General de Administración
Contratación de servicio de limpieza,Oficina General de Administración
Conexión domiciliaria de agua,Gerencia de Desarrollo Territorial e Infraestructura
Permiso de demolición,Gerencia de Desarrollo Territorial e Infraestructura
Declaración jurada de impuestos,Gerencia de Desarrollo Económico y Administración Tributaria
Registro de saberes ancestrales,Gerencia de Desarrollo del Pueblo Asháninka
Promoción de mypes,Gerencia de Desarrollo Económico y Administración Tributaria
Campaña de educación ciudadana,Alcaldia
Inspección técnica de obra,Gerencia de Desarrollo Territorial e Infraestructura
Barrido de calles,Gerencia de Servicios Municipales y Gestión Ambiental
Contratación de servicio de limpieza,Oficina General de Administración
Instalación de red de alumbrado,Gerencia de Desarrollo Territorial e Infraestructura
Defensa en proceso judicial,Oficina General de Asesoría Jurídica
Monitoreo de proyectos,Oficina General de Planeamiento y Presupuesto
Propuesta de acuerdo de concejo,Concejo Municipal
Solicitud de mesa de partes virtual,Oficina General de Atención al Ciudadano y Gestión Documental
Declaración jurada de impuestos,Gerencia de Desarrollo Económico y Administración Tributaria
Solicitud de apoyo psicológico,Gerencia de Desarrollo Social
Moción de orden del día,Concejo Municipal
Inventario de patrimonio cultural,Gerencia de Desarrollo del Pueblo Asháninka
Declaratoria de viabilidad,Oficina General de Planeamiento y Presupuesto
Convocatoria a sesión de concejo,Concejo Municipal
Informe de ejecución presupuestal,Oficina General de Planeamiento y Presupuesto
Fraccionamiento de deuda,Gerencia de Desarrollo Económico y Administración Tributaria
Declaración jurada,Oficina General de Atención al Ciudadano y Gestión Documental
Proyecto de reglamento interno,Concejo Municipal
Barrido de calles,Gerencia de Servicios Municipales y Gestión Ambiental
Monitoreo de proyectos,Oficina General de Planeamiento y Presupuesto
Declaración jurada,Oficina General de Atención al Ciudadano y Gestión Documental
"Nombramiento de funcionario","Alcaldia"
"Quiero abrir un restaurante","Gerencia Municipal"
"Declaración jurada","Oficina General de Atención al Ciudadano y Gestión Documental"
"Taller de capacitación juvenil","Gerencia de Desarrollo Social"
"INFORME Nº 005-2026-MDRN/TI-OGA
A : CPC. PEDRO CHIHUAN CUADRADO
Jefe de la Oficina General de Administración
ATENCIÓN : Lic. Deyvi Gonzalo Bravo Medrano.
Gerente Municipal.
DE : CPC. PEDRO CHIHUAN CUADRADO
Responsable de Tecnologías de Información(e)
ASUNTO :
REMITO INFORMACION SOLICITADA DEL PORTAL DE TRANSPARECIA.
REFERENCIA : Memorando N° 0194-2026-GM/MDRN
FECHA : Río Negro 04 de marzo del 2026
Mediante el presente tengo el agrado de dirigirme a Usted. Para
saludarlo cordialmente y en atenció","Oficina General de Atención al Ciudadano y Gestión Documental"
"SOLICITUD DE REPARACIÓN DE PISTAS
Se solicita la reparación y mantenimiento de las pistas ubicadas en las principales vías del distrito, debido
al deterioro ocasionado por el tránsito constante de vehículos pesados y las condiciones climáticas
adversas. Actualmente, las vías presentan grietas, huecos y desniveles que dificultan la circulación
vehicular y peatonal, generando riesgos de accidentes y daños a los vehículos. La presente solicitud tiene
como finalidad mejorar las condiciones de transi","Gerencia de Desarrollo Territorial e Infraestructura"
"“AÑO DE LA ESPERANZA Y EL FORTALECIMIENTO DE LA DEMOCRACIA”
INFORME N°113-2026- MDRN – GDEAT
A : LIC. DEYVI GONZALO BRAVO MEDRANO
Gerencia Municipal
DE : ING. ALBET MIGUEL RAMOS ESPINAR
Gerente de Desarrollo Económico y Administración Tributaria
ASUNTO : SOLICITO ASIGNACION DE FONDO POR ENCARGO
REFERENCIA : INFORME N° 167-2026-MDRN-GDEAT-SGDEP
RESOLUCION DE GERENCIA MUNICIPAL Nº083 -2026-GM/MDRN
FECHA : Río Negro, 26 de mayo del 2026
Mediante el presente me dirijo a Usted, para saludarlo cordial","Concejo Municipal"
"“AÑO DE LA ESPERANZA Y EL FORTALECIMIENTO DE LA DEMOCRACIA”
INFORME N°113-2026- MDRN – GDEAT
A : LIC. DEYVI GONZALO BRAVO MEDRANO
Gerencia Municipal
DE : ING. ALBET MIGUEL RAMOS ESPINAR
Gerente de Desarrollo Económico y Administración Tributaria
ASUNTO : SOLICITO ASIGNACION DE FONDO POR ENCARGO
REFERENCIA : INFORME N° 167-2026-MDRN-GDEAT-SGDEP
RESOLUCION DE GERENCIA MUNICIPAL Nº083 -2026-GM/MDRN
FECHA : Río Negro, 26 de mayo del 2026
Mediante el presente me dirijo a Usted, para saludarlo cordial","Concejo Municipal"
